1,1.52,1.15,54.41,24.74,22.67,50.63,52.84,72.75,25.24,29.26,1
2,1.75,1.62,42.33,11.07,16.47,14.47,20.57,13.59,11.89,17.47,1
3,1.03,0.78,24.1,15.67,15.11,7.62,11.69,25.8,18.04,28.67,1
4,0.65,0.6,35.53,14.62,12.2,4.31,36.85,25.37,19.04,23.98,1
5,1.31,1.29,21.83,22.51,8.73,3.05,35.64,0,33.5,45.33,1
6,1.54,1.27,75.67,22.53,4.57,3.62,16.24,38.85,31.14,36.2,1
7,1.65,1.6,56.11,16,3.71,3.65,22.96,0,22.04,46.55,1
8,0.62,0.61,33,17.21,4.01,2.35,14.69,0,29.98,48.07,1
9,1.24,1.21,33.31,48.04,17.9,14.97,1.84,58.23,51.47,71.96,1
10,1.34,1.02,47.41,9.5,6.89,3.85,45.94,40.91,12.83,17.9,1
11,1.78,1.25,57.26,5.14,14.71,20.32,20,0,5.41,6.59,1
12,1.37,1.19,52.71,11.68,22.61,92.82,17.85,34.23,11.8,14.77,1
13,0.52,0.51,30.04,23.14,5.2,2.89,53.02,0,35.4,59.95,1
14,2.24,2.07,66.31,4.34,5.53,11,10.24,0,4.78,7.53,1
15,1.22,1.17,35.12,25.24,13.89,7.85,7.53,33.21,28.92,49.28,1
16,0.83,0.82,40.35,24.94,4.38,2.44,8.24,0,42.21,66.16,1
17,1.11,0.94,48.34,7.93,8.37,5.9,37.72,35.22,9.55,12.33,1
18,1.12,1.06,31.76,23.15,23.52,7.55,3.16,31.27,26.68,34.81,1
19,3.47,0.21,57.43,17.63,14.58,12.23,31.02,25.28,19.2,19.63,1
20,1.56,1.46,44.46,23.15,33.72,31.48,27.04,69.91,23.91,27.75,1
21,1.99,1.7,57.77,6.97,15.28,10.96,14.33,45.77,7.67,9.38,1
22,3.72,2.29,67.56,-19.75,-23.07,-29.46,0,47.42,-19.1,-12.69,1
23,1.42,1.26,45.77,24.93,40.55,61.54,43.91,39.26,25.34,28.68,1
24,0.91,0.89,32.98,30.8,7.62,3.13,8.65,91.74,45.26,58.57,1
25,0.48,0.45,57.2,9.81,3.79,2.95,10.6,22.07,14.86,24.36,1
26,4.04,3.13,21.77,14.65,6.4,110.09,20.9,27.5,14.79,23.67,1
27,1.62,1.61,54.03,29.46,23.26,15.05,36.89,23.06,31.56,36.18,1
28,3.79,3.31,68.42,6.99,6.31,99.04,43.25,17.82,7.06,11.45,1
29,0.82,0.49,33.88,13.56,7.75,3.47,19.58,77.7,19.05,25.46,1
30,2.85,2.8,58.55,9.67,3.74,7.28,16.82,49.32,11.21,12.37,1
31,1.12,1.1,60.24,42.26,9.13,15.33,20.32,50.23,45.21,64.67,1
32,2.45,2.01,73.8,6.69,6.72,28.95,18.98,30.82,6.93,11.76,1
33,1.17,0.9,41.45,16.52,3.94,2.3,29.44,32.92,29.27,29.5,1
34,1.55,1.46,73.69,8.3,6.37,14.58,7.67,0,8.91,15.09,1
35,2.69,2.08,45.38,3.12,3.49,2.48,27.12,14.59,5.23,11.43,1
36,5.29,5.21,21.31,22.84,11.92,61.49,31.13,38.63,23.22,25.94,1
37,0.95,0.2,47.55,10.11,5.37,3.15,32.55,46.76,14.81,19.43,1
38,0.89,0.8,62.81,36.06,21.19,11.61,35.27,41.75,39.45,61.1,1
39,2.37,1.32,70.73,15.65,25.46,28.76,7.03,26.12,16.22,17.8,1
40,3.95,3.86,45.25,7.33,3.68,2.19,20.86,21.41,13.5,16.26,1
41,1.26,1.19,45.39,19.61,10.8,5.72,2.16,34.4,23.77,34.21,1
42,3.12,2.45,27.94,12.52,6.72,7.2,57.3,0,14.53,27.47,1
43,3.25,2.62,77.2,4.24,5.23,26.85,35.82,0,4.4,7.1,1
44,1.32,1.32,49.82,51.59,18.2,14.99,0,46.52,55.28,86.19,1
45,1.26,0.73,56.69,8.3,5.68,4.86,20.7,22.96,10.46,14.74,1
46,0.65,0.51,56.28,9.16,4.16,2.88,19.61,26.5,14.03,20.7,1
47,1.28,1.26,31.88,12.06,6.84,3.82,36.89,0,16.35,27.39,1
48,2.66,1.68,66.99,6.9,12.34,46.17,18.2,20.02,7.05,9.13,1
49,0.98,0.77,52.24,24.07,12.19,6.83,6.4,0,28.2,45.53,1
50,3.17,2.4,75.51,7.31,13.36,11.07,27.73,14.94,8.04,12.19,1
51,0.42,0.37,42.53,15.39,6.41,6.17,38.6,35.58,18.37,27.3,1
52,1.15,0.81,56.45,9.34,5.69,3.54,20.3,22.54,13.02,28.4,1
53,2.85,2.66,60.19,27.11,11.39,10.13,58.04,54.12,30.08,47.46,1
54,2.52,1.62,55.09,1.23,2.36,2.25,30.58,8.02,2.21,4.71,1
55,1.3,0.49,37.34,13.94,2.07,1.48,11.16,57.44,43.22,44.54,1
56,2.22,1.39,57.37,7.7,9.86,9.56,23.67,54.82,8.6,10.71,1
57,1.86,1.2,61.6,10.7,14.01,66.59,43.04,27.12,10.86,13.91,1
58,0.56,0.55,38.99,10.37,3.91,2.88,20.73,44.83,15.9,39.32,1
59,0.89,0.6,66.24,14.35,14.93,62.55,25.67,34.54,14.58,20.01,1
60,2.12,1.11,68.63,5.84,8.71,28.39,38.59,29.91,6.05,9.74,1
61,2.81,2.65,68.63,16.43,20.56,0,29.28,40.71,16.43,17.84,1
62,1.81,1.71,45.67,21.25,27.23,48.87,32.37,45.32,21.7,24.7,1
63,5.04,4.97,46.34,6.23,2.59,1.78,1.13,22.83,14.24,18.58,1
64,1.52,1.49,49.44,10.29,10.18,7.47,27.25,37.15,11.88,15.85,1
65,4.28,4.28,60.41,3.49,2.9,2.24,7.14,44.59,6.3,7.24,1
66,1.17,1.04,51.41,25.73,7.67,5.03,9.89,0,32.12,35.37,1
67,4.08,2.13,62.27,18.85,23.33,20.19,16.65,35.95,19.83,25.75,1
68,1.82,1.79,31.54,5.62,3.13,2.29,43.04,26.71,9.98,14.99,1
69,2.16,0.91,70.12,10.7,8.51,18.08,46.55,48.12,11.33,14.1,1
70,2.96,1.15,69.55,12.14,12.2,40.48,37.68,33.18,12.45,16.23,1
71,3.57,2.66,72.21,13.55,20.44,24.72,9.94,26.12,14.13,17.54,1
72,2.67,1.93,67.02,13.55,20.53,24.71,9.94,26.12,14.12,17.54,1
73,2.41,1.75,54.2,7.98,6.71,6.88,21.94,31.32,9.34,18.48,1
74,1.09,1.04,60.88,8.25,8.29,7,28.33,25.25,9.62,16.87,1
75,3.48,3,60.09,83.98,43.78,182.32,19.12,26.28,84.44,89.74,1
76,1.69,1.32,58.37,7.45,8.45,13.4,42.28,22.91,8.05,14.2,1
77,1.92,1.91,55.17,18.43,8.24,7.22,8.3,0,21.39,33.6,1
78,1.73,1.63,42.19,31.35,14.34,0,18.99,45.93,31.35,44.85,1
79,2.85,1.64,67.39,7.64,14.82,42.87,32.44,39.04,7.82,9.83,1
80,2.27,1.34,52.5,4.05,4.76,3.3,34.86,32.08,5.81,12.05,1
81,3.54,2.73,57.05,1.39,1.32,1.42,12.49,23.91,4.72,8.08,1
82,2.1,1.2,35.51,17.63,26.62,55.19,27.68,39.32,17.95,20.64,1
83,0.18,0.18,52.94,15.52,2.31,1.79,15.1,93.4,35.18,41.39,1
84,3.2,2.23,76.2,6.37,6.44,38.6,31.22,57.71,6.53,10.31,1
85,1.82,1.14,61.21,25.13,32.51,38.82,29.2,47.38,25.79,32.39,1
86,2.15,1.95,55.3,5.19,19.52,10.97,10.7,13.2,5.71,7.98,1
87,0.96,0.76,52.68,7.52,9.28,9.94,27.51,14.71,8.36,13.31,2
88,0.37,0.2,57.21,2.82,5.94,12.14,26.5,6.68,3.07,5.1,2
89,1,0.68,32.45,20.71,12.63,5.54,23.26,0,25.27,27.89,2
90,1.31,1.1,41.59,10.71,13.07,10.53,10.13,17.45,11.83,18.42,2
91,0.79,0.54,36.58,24.36,10.2,6.11,26.3,0,29.12,40.52,2
92,1.45,0.9,52.39,11.18,15.47,12.28,24.67,47.68,12.17,15.77,2
93,1.53,1.02,45.23,5.78,8.08,9.28,35.31,11.97,6.47,8.61,2
94,1.76,1.01,49.08,3.24,9.45,10.22,12.66,6.5,3.6,4.74,2
95,0.79,0.69,22.88,13.76,15.78,7.69,12.68,14.84,15.82,22.66,2
96,1.17,0.66,57.3,2.09,3.35,3.28,26.21,31.72,3.01,5.65,2
97,1.54,1.33,39.13,7.2,3.96,2.56,31.45,0,11.83,19.37,2
98,1.51,1.34,30.19,8,16.7,10.44,4.92,12.76,8.84,9.71,2
99,1.53,0.92,38.62,4.4,5.89,2.56,30.28,0,7.22,10.79,2
100,1.69,1.23,43.16,7.84,10.31,6.77,25.63,100,9.19,13.37,2
101,1.17,0.57,52.26,8.55,16.2,33.13,30.39,37.23,8.81,10.64,2
102,2.63,2.37,43.35,2.05,1.5,1.48,49.47,0,6.29,11.91,2
103,0.8,0.6,40.57,16.3,10.65,6.01,17.28,0,19.56,26.55,2
104,1.48,0.92,42.96,6.99,4.55,2.81,29.79,17.5,10.85,15.5,2
105,1.42,0.79,25.02,6.52,5.7,3.64,32.05,28.13,8.98,16.51,2
106,1.84,1.31,61.01,2.33,4.86,5.93,10.52,0,2.8,5.1,2
107,2.32,0.41,57.28,9.46,8.68,6.9,35.52,17.11,11.06,12.11,2
108,0.49,0.43,54.25,0.35,0.2,1.1,21.09,23.15,3.73,10.19,2
109,1.64,1.42,48.77,1.81,1.94,12.9,31.15,30.46,1.96,2.25,2
110,0.48,0.39,38.68,12.05,3.65,2.38,9.4,0,20.76,37.92,2
111,0.9,0.77,35.05,-2.17,-0.7,0.82,59.91,0,9.98,22.56,2
112,3.34,0.21,71.33,5.17,5,6.15,38.75,16.37,6.18,9.08,2
113,1.6,1.59,58.37,4.68,10,22.43,30.02,49.81,4.9,9.42,2
114,0.88,0.7,73.05,1.36,1.24,2.99,23.45,75.43,2.04,7.82,2
115,0.33,0.29,61.95,3.21,2.8,4,11.72,35.2,4.28,10.64,2
116,1.09,1.09,61.61,3.58,2.3,1.36,16.34,37.46,13.47,14.63,2
117,1.5,1.26,54.67,3.65,7.95,8.21,39.91,45.54,4.15,8.24,2
118,1.42,1.36,46.63,1.24,2.31,1.77,2.9,32.62,2.84,8.07,2
119,1.22,0.69,47.64,6.49,8.81,11.15,45.36,17.89,7.12,11.81,2
120,1.57,1.12,60.68,1.05,1.39,2.23,66.76,24.87,1.91,5.88,2
121,1.87,1.87,42.97,14.69,25.97,37.71,20.5,48.98,15.09,15.79,2
122,0.91,0.89,58.94,7.98,10.72,16.53,31.25,25.28,8.5,8.64,2
123,0.68,0.65,56.62,14.36,15.73,40.55,12.92,47.48,14.72,23.04,2
124,1.7,0.91,44.61,5.38,8.31,8.87,38.08,25.86,6.07,7.22,2
125,0.59,0.37,49.49,0.1,0.37,1.11,12.81,2.37,1.01,1.43,2
126,2.01,1.8,59.18,-4.75,-4.81,-7.44,17,21.2,-4.19,1.88,2
127,0.97,0.52,38.96,7.73,3.13,2.26,30,33.35,13.85,24.12,2
128,1.66,1.48,4.18,16.53,6.08,2.15,13.97,35.35,30.93,41.56,2
129,1.74,1.54,36.6,9.46,8.88,4.5,19.48,20.49,12.16,20.8,2
130,1.53,0.68,51.95,0.96,1.54,1.48,27.93,10.06,2.96,5.16,2
131,1.48,1.14,36,-0.04,-0.03,0.99,29.35,0,3.76,16.02,2
132,1.72,1.33,58.37,1.69,4.37,5.96,17.34,16.04,2.03,4.85,2
133,1.3,1.04,32.43,-11.18,-3.07,0.25,55.89,0,3.82,24.12,2
134,1.81,1.4,51.83,3.96,5.48,4.91,5.11,20.91,4.97,9.12,2
135,1.54,1.37,17.41,10.63,14.73,4.52,31,0,13.65,18.11,2
136,1.73,0.64,44.96,6.34,9.69,6.8,33.58,12.08,7.44,9.27,2
137,1.11,1.06,26.45,30.45,34.4,77.96,15.05,32.92,30.85,38.81,2
138,1.1,0.93,40.88,12.66,10.2,5.05,64.17,36.61,15.79,32.04,2
139,0.92,0.48,58.75,1.07,6.01,5.88,14.82,7.64,1.29,1.53,2
140,1.75,1.28,55.97,5.11,10.42,48.09,48.19,19.5,5.22,8.37,2
141,1.26,1.18,42.82,2.17,7,23.19,32.16,18.73,2.27,3.95,2
142,1.41,1.4,51.95,18.86,12.15,278.54,6.54,27.15,18.93,25.14,2
143,1.96,1.62,57.17,7.14,15.53,68.93,8.39,27.22,7.25,8.36,2
144,2.22,1.09,55.01,5.48,4.76,4.65,19.31,54.83,6.98,14.59,2
145,2.2,1.25,60.84,1.5,4.23,15.84,25.94,17.89,1.6,3.17,2
146,1.34,1.3,31.31,11.47,33.75,52.31,29.15,29.42,11.69,12.73,2
147,2.34,1.98,70.97,1.62,1.37,2.61,28.24,24.34,2.62,7.11,2
148,2.05,1.8,37.41,0.81,0.97,1.15,36.46,33.62,6.32,10.19,2
149,2.07,0.61,57.8,4.23,3.18,3.95,14.1,42.13,5.66,10.42,2
150,1.87,0.98,53.08,3.72,5.31,34.81,26.63,39.37,3.83,6.9,2
151,2.6,1.44,65.25,2.83,6.02,5.86,6.68,0,3.42,5.3,2
152,2.19,1.66,58.69,5.59,12.78,62.81,33.8,26.12,5.68,6.56,2
153,1.68,1.06,46.42,9.32,16.88,11.9,29.77,34.79,10.18,11.83,2
154,1.17,1.11,46.74,2.14,4.29,2.74,29.92,11.76,3.38,9.33,2
155,1.25,1.03,44.5,6.62,12.13,10.52,36.6,23.38,7.32,12.25,2
156,1.52,1.01,59.04,1.94,1.53,1.91,23.24,38.95,4.07,6.34,2
157,1.34,1.34,40.17,4.97,16.21,11.74,22.27,16,5.43,6.49,2
158,1,0.68,20.06,14.82,44.42,78.33,12.4,0,15.01,16.79,2
159,1.39,0.73,51.24,6.46,10.78,6.2,31.49,41.61,7.7,10.57,2
160,1.96,1.8,48.4,2.99,11.67,42.5,18.91,0,3.06,3.73,2
161,1.79,1.35,7.27,15.38,23.09,6.12,51.9,0,18.38,22.05,2
162,2.08,1.11,44.97,1.24,3.13,2.81,18.77,14.1,1.92,2.25,2
163,0.29,0.28,29.94,11.53,2.51,1.94,0,24.15,23.86,24.44,2
164,1.76,1.66,46.16,11.4,14.51,47.36,87.97,20.63,11.64,12.67,2
165,6.77,3.03,83.2,1.22,1.35,10.47,6.78,13.74,1.35,6.59,2
166,1.71,1.22,46.37,4.44,13.79,16.41,36.89,26.37,4.73,5.79,2
167,1.78,1.35,53.34,5.05,10.37,27.04,44.09,26.46,5.24,7.06,2
168,1.7,1.22,44.29,7.34,7.01,124.5,12.42,18.98,7.4,9.52,2
169,1.11,0.83,45.85,7.64,9.27,5.6,25.63,49.21,9.3,20.16,2
170,1.36,0.96,52.97,9.35,10.88,9.8,23.94,35.45,10.41,15.82,2
171,2.16,1.47,57.57,-4.77,-7.19,-1.37,31.24,19.86,-2.75,-0.32,2
172,1.3,0.85,45.91,6.71,7.98,3.82,37.17,41.59,9.09,14.38,2
173,1.94,0.49,49.22,4.27,12.4,9.14,11.6,49.15,4.8,6.46,2
174,2.14,1.31,61.89,0.12,0.24,2,44.68,14.42,0.24,2.3,2
175,3.93,3.07,43.53,1.45,2.17,1.94,9.49,35.15,2.98,5.53,2
176,2.29,2.26,5.2,0.41,0.36,1.1,21,1.22,4.54,5,3
177,0.43,0.23,40.79,5.08,8.86,6.95,28.24,7.56,5.93,8.19,3
178,0.7,0.53,31.3,4.37,9.98,6.87,22.72,9.85,5.12,6.77,3
179,0.79,0.63,43.79,3.33,5.16,5.46,24.22,7.32,4.07,6.24,3
180,1.24,0.77,27.59,18.16,11.98,6.12,16.15,0,21.7,28.54,3
181,0.98,0.47,34.36,0.26,0.4,1.3,34.85,32.29,1.11,3.17,3
182,0.54,0.29,36.85,3.45,10.24,368,36.02,0,3.46,4.72,3
183,0.49,0.24,43.55,4.14,7.24,5.69,29.22,21.36,5.03,7.18,3
184,0.8,0.77,14.76,-2.41,-1.47,0.47,47.75,0.59,2.09,11.32,3
185,1.68,1.05,41.09,5.15,10.55,6.82,35.45,26.69,6.04,7.58,3
186,0.88,0.83,34.21,-5.29,-13.52,-13.23,21.88,7.36,-4.92,-4.34,3
187,1.25,0.98,52.33,-0.7,-2.57,-16.79,9.48,3.09,-0.67,0.22,3
188,1.3,1.02,43.28,5.89,6.81,6.21,18.96,40.08,7.02,10.74,3
189,1.52,1.11,28.17,3.03,2.62,2.9,33.86,14.57,4.63,8.47,3
190,1.66,1.61,43.42,2.96,5.96,15.25,34.1,3.35,3.17,5.22,3
191,0.81,0.61,38.79,14.73,10.95,5.96,31.55,52.93,17.7,21.47,3
192,1.06,0.83,35.98,3.43,3.13,2.28,35.86,32.94,6.11,11.36,3
193,0.79,0.3,49.62,0.48,1.5,2.95,38.27,2.72,0.72,2.57,3
194,1.4,1.39,35.29,2.85,5.37,4.9,25.06,0,3.58,6.17,3
195,2.34,1.69,41.39,-10.75,-10.19,-4.59,58.98,0,-8.83,-3.55,3
196,1.28,1.12,19.91,3.68,2.83,4.36,86.99,0,4.78,7.42,3
197,0.46,0.43,53.1,4.81,3.95,3.49,7.1,8.09,6.74,10.89,3
198,1.51,0.97,50.28,4.3,9.35,18.04,39.26,10.42,4.56,6.65,3
199,0.73,0.62,39.1,8.43,6.89,4.54,30.9,0,10.8,14.99,3
200,1.1,0.76,42.15,9.24,22.01,61,0.67,35.59,9.4,11.29,3
201,0.98,0.93,30.22,4.93,3.3,2.16,42.82,0,9.19,15.54,3
202,0.79,0.73,3.94,7.45,10.99,6.43,5.1,0,8.82,9.26,3
203,0.95,0.95,24.44,4.07,3.48,3.93,17.66,0,5.46,13.72,3
204,1.23,1.12,29.49,7.49,3.41,3.43,31.45,0,10.57,18.12,3
205,1.16,1.07,16.03,2.33,4.22,4.56,85.77,10.41,2.99,4.27,3
206,0.87,0.7,36.87,14.48,14.34,8.66,41.5,49.58,16.37,18.52,3
207,1.27,0.62,14.32,17.13,11.58,5.14,19.16,100,21.27,24.66,3
208,1.55,1.54,41.31,0.61,10.94,43.16,3.45,3.84,0.63,0.77,3
209,0.85,0.67,45.94,0.7,0.99,1.54,10.64,14.98,1.98,7.79,3
210,1.48,0.96,34.52,8.88,9.89,5.25,22.19,39.09,10.96,15,3
211,0.95,0.95,11.57,4.21,15.48,4.27,4.3,27.26,5.5,7.52,3
212,1.07,0.85,31.27,2.74,5.37,4.37,51.88,23.78,3.55,7.06,3
213,1.03,0.99,27.9,5.29,13.5,26.61,30.33,50.07,5.5,7.32,3
214,0.8,0.73,29.69,6.78,11.03,5.07,50.2,25.62,8.45,12.02,3
215,1.47,0.86,33.21,0.72,1.3,1.66,67.14,21.46,1.81,2.47,3
216,1.04,1,16.21,3.53,8.35,19.26,71.69,43.82,3.72,6.09,3
217,0.88,0.56,18.14,6.36,14.69,5.96,55.74,35.96,7.64,10.32,3
218,1.38,0.85,44.69,3.33,8.47,9.5,31.57,21,3.72,5.24,3
219,1.19,0.91,38.06,3.13,5.37,4.38,72.14,18.21,4.06,5.75,3
220,0.97,0.97,35.13,12.31,13.51,9.71,26.28,38.71,13.73,17.98,3
221,1.3,1.29,48.84,-2.25,-1.16,-0.05,0,8.33,-0.09,11.47,3
222,1.53,0.24,36.8,1.44,3.32,16.44,18.47,18.69,1.54,2.23,3
223,3.07,2.89,17.42,-1.05,-0.93,0,68.15,14.54,-1.05,3.69,3
224,1.48,0.6,53.48,1.17,3.33,3.9,44.66,9.56,1.58,1.97,3
225,0.74,0.66,19.86,0.87,1.09,1.29,47.3,40.19,3.89,11.34,3
226,1.16,1.05,23.18,1.23,2.44,1.73,37.94,50.23,2.92,5.24,3
227,5.16,4.66,85.81,-21.7,-11.45,-52.31,43.56,17.6,-21.29,-8.62,3
228,0.96,0.17,34.81,0.52,1.72,1.92,7.58,3.96,1.08,1.75,3
229,1.89,1.28,43.33,5.05,8.93,26.29,19.49,22.2,5.24,5.75,3
230,1.25,0.83,51.14,-8.08,-17.18,-50.6,16.34,14.28,-7.93,-6.49,3
231,1.25,1.15,41.39,7.44,19.38,14.01,11.58,0,8.01,12.67,3
232,0.62,0.62,28.68,6.63,10.97,4.07,2.75,35.01,8.78,10.42,3
233,1.29,0.92,24.75,3.07,9.57,3.37,40.72,26.91,4.37,4.66,3
234,1.76,1.12,45.93,0.06,0.13,9.86,55.75,31.54,0.06,3.7,3
235,1.41,1.28,26.53,0.5,2.06,2.47,15.78,0,0.84,3.69,3
236,1.17,1.12,13.09,7.08,6.45,2.49,6.1,46.06,11.85,25.46,3
237,1.04,0.48,45.91,3.12,3.14,1.78,36.93,50.13,7.09,12.85,3
238,0.62,0.25,39.18,0.08,0.17,1.05,12.87,71.26,1.59,7.7,3
239,1.25,1,48.68,-0.8,-1.67,0.3,24.11,32.62,0.33,3.36,3
240,0.83,0.42,32.29,0.67,7.51,3.64,7.95,6.35,0.92,1.09,3
241,0.22,0.09,16.55,9.34,8.97,2.62,39.78,60.12,15.11,20.82,3
242,1.24,0.77,29.31,-3.68,-10.1,-56.96,62.27,12.48,-3.61,-1.95,3
243,0.28,0.2,17.77,4.05,2.07,1.37,36.89,80.61,14.96,19.28,3
244,0.87,0.53,3.25,11.74,37.01,43.66,3.96,43.27,12.02,13.97,3
245,1.8,1.05,41.56,3.86,8.16,6.06,19.92,27.64,4.62,8.64,3
246,1.5,1.45,32.82,7.78,10.78,4.63,20.15,98.6,9.93,13.16,3
247,1.34,1.33,5.25,5.28,9.61,4.09,15.69,9.48,6.99,9.18,3
248,0.82,0.42,43.12,-2.58,-5.45,-1.29,18.89,8.5,-1.45,3.19,3
249,0.96,0.95,18.28,10.13,15.26,7.21,3.18,19.36,11.76,20.12,3
250,0.45,0.4,38.06,4.1,1.92,1.64,23.52,35.05,10.5,17.86,3
251,0.2,0.2,6.24,23.88,20.68,16.14,13.32,17.35,25.46,34.63,3
252,0.69,0.6,32.41,0.46,0.88,1.41,20.34,5.58,1.58,10.35,3
253,1.25,0.89,33.59,12.08,28.96,11.33,16.24,25.65,13.25,15.21,3
254,1.33,1.02,34.05,1.05,4.94,4.45,8.95,7.3,1.35,2.01,3
255,1.16,0.8,12.74,0.53,2,1.62,4.6,1.99,1.38,1.45,3
256,1.58,1.26,21.12,0.52,0.92,1.64,12.28,13.09,1.34,2.59,3
257,1.21,1.14,44.96,-6.98,-4.79,-1.89,3.85,39.4,-4.56,3.42,3
258,1.37,1.12,19.94,-3.64,-2.52,0.56,13.66,40.76,4.71,9.01,3
259,0.47,0.44,30.12,2.73,2.48,1.75,21.07,10.76,6.39,25.35,3
260,0.97,0.82,49.83,7.21,15.58,32.58,20.89,18.05,7.44,9.65,3
261,1.13,0.54,38.34,1.51,4.25,10.74,36.4,0,1.66,3.24,3
262,2.1,2.08,12.59,3.01,3.57,1.44,1.27,9.51,9.8,0,3
263,1.48,1.1,38.87,1.89,5.38,4.73,26.29,13.82,2.4,2.88,3
264,0.85,0.79,35.27,4.88,9.76,7.87,46.52,0,5.59,12.3,3
265,1.03,0.79,22.31,3.7,4.97,2.95,23.4,34.29,5.59,9.14,3
266,1,0.96,56.88,-14.47,-8.77,-5.86,45.68,0,-12.36,8.47,3
267,0.72,0.62,13.41,8.09,8.61,6.07,31.6,42.46,9.68,16.35,3
268,1.37,0.76,38.49,0.11,0.42,1.15,20.82,10.95,0.89,1.16,3
269,1.32,0.64,29.64,3.11,7.39,5.82,33.05,39.01,3.76,5.55,3
270,1.34,0.81,38.83,6.8,12.82,141.06,30.61,24.07,6.85,8.28,3
271,1.55,1,47.1,1.55,2.44,2.75,42.29,0,2.44,4.49,3
272,1.7,1.19,42.01,0.49,0.43,1.3,12.3,14.12,2.1,2.48,3
273,0.76,0.53,13.59,7.03,6.84,2.96,34.59,47.66,10.63,15.49,4
274,0.82,0.76,36.3,1.97,4.14,4.84,43.79,18.15,2.48,3.08,4
275,0.9,0.85,20.88,3.71,6.51,8.09,33.02,18.93,4.23,7.75,4
276,1.08,0.92,38.58,0.77,0.41,1.32,56.36,0,3.21,10.46,4
277,0.67,0.66,15.97,-2.02,-2.78,-0.07,43.07,13.67,-0.13,2.36,4
278,1.1,0.69,24.07,2.02,5.2,4.04,47.81,8.21,2.69,3.26,4
279,1.2,0.9,2.23,-12.32,-13.29,-3.34,36.38,27.35,-9.48,-3.97,4
280,0.87,0.66,-4.5,3.19,3.25,1.71,45.67,32.51,7.67,11.77,4
281,0.87,0.87,7.51,0.23,0.93,1.95,58.38,6.99,0.47,1.26,4
282,0.44,0.35,18.31,0.76,0.43,1.1,41.34,0,8.22,18.41,4
283,1.12,0.79,-9.65,5.92,9.64,4.25,10.2,14.54,7.73,9.11,4
284,0.46,0.18,26.63,0.25,0.85,1.36,31.32,3.47,0.93,2.87,4
285,0.91,0.9,13.47,1.2,15.58,145.5,1.23,3.56,1.2,1.57,4
286,1.02,1.01,13.67,1.61,3.56,3.32,25.89,16.13,2.3,4.38,4
287,1.64,1.02,44.64,-10.38,-5.46,-1.34,33.69,54.98,-5.93,4.12,4
288,0.98,0.7,23.83,-4.82,-6.94,-1.9,15.68,7.16,-3.15,-0.98,4
289,0.92,0.42,-3.45,-2.93,-6.54,-4.03,23.43,8.27,-2.35,-0.87,4
290,0.79,0.72,-33.34,3.16,3.8,1.45,19.66,30.48,10.24,22.82,4
291,0.89,0.65,26.28,6.76,6.26,2.71,40.63,0,10.72,17.54,4
292,1.62,1.08,-3.48,-2.49,-4.89,-0.77,3.8,0,-1.08,1.21,4
293,0.44,0.41,10.8,-31.63,-13.82,-2.91,9.8,38.12,-23.51,-13.37,4
294,0.66,0.64,20.21,3.01,6.95,8.18,25.55,23.75,3.43,5.95,4
295,0.92,0.84,12.49,3.8,6.91,15.86,50.73,9.33,4.06,5.78,4
296,1.01,0.83,25.68,1.35,3.94,2.65,47.59,16.23,2.17,3.09,4
297,0.8,0.68,3.64,0.65,1.56,1.99,38.84,14.36,1.3,6.44,4
298,0.34,0.32,2.49,10.95,6.35,2.66,21.01,0,17.55,57.4,4
299,1.19,0.68,25.91,-0.32,-0.48,0.79,93.29,13.48,1.17,2.06,4
300,0.66,0.19,26.4,0.49,1.75,1.66,10.68,14.45,1.23,1.58,4
301,1.19,0.71,9.09,-3.4,-9.19,-0.61,45.65,27.1,-1.27,-0.3,4
302,1.08,0.67,33.08,5.87,6.91,5.05,40.4,0,7.32,12.02,4
303,1.12,0.58,13.03,1.86,3.39,2.04,60.74,30.33,3.65,4.46,4
304,1.08,0.28,16.95,1.51,4.7,2.98,5.96,16.51,2.28,2.8,4
305,1.04,0.58,15.28,2.09,4.88,12.62,76.39,11.92,2.27,3.37,4
306,0.93,0.52,-6.75,-4.84,-29.29,-4.75,5.42,6.13,-4,-2.75,4
307,1.25,0.98,16.16,-0.4,-0.88,0.32,86.26,18.87,0.18,3.09,4
308,0.32,0.29,13.39,8.15,7.26,3.98,1.87,88.09,10.88,13.61,4
309,0.99,0.92,17.04,-0.11,-0.26,0.93,42.18,26.81,1.41,4.04,4
310,1.08,0.76,12.72,2.95,12.25,9.07,48.84,21.52,3.32,4.21,4
311,1.21,0.59,-4.57,1.19,3.38,30.68,78.91,25.47,1.23,1.34,4
312,1.01,0.39,20.75,-6.67,-9.06,-1.81,56.93,48.04,-4.29,-2.53,4
313,0.39,0.37,13.72,3.83,4.22,1.76,50.1,46.05,8.91,19.03,4
314,0.99,0.89,10.35,0.66,1.93,1.8,13.14,36.95,1.48,3.4,4
315,0.81,0.56,14.26,0.88,6.28,44.29,35.66,5.46,0.9,1.29,4
316,1.23,1.23,4.71,-0.33,-1.97,-0.58,15.15,11.17,-0.13,0.31,4
317,0.65,0.64,12.59,5.51,13.25,7.09,51.9,20.1,6.41,9.79,4
318,0.62,0.59,7.28,3.17,4.68,1.44,53.75,17.17,10.34,13.49,4
319,1.44,0.78,7.85,-8.39,-14.89,-3.21,35.3,16.2,-6.39,-3.83,4
320,0.47,0.45,5.34,23.28,12.92,4.49,20.93,0,29.94,35.55,4
321,0.76,0.75,18.35,-7.84,-12.82,-3.59,1.97,22.71,-6.13,-2.79,4
322,0.6,0.23,29.89,1.89,1.68,1.49,26.83,14.51,5.73,11.92,4
323,0.94,0.41,15.92,0.35,1.44,1.39,21.77,9,1.26,1.79,4
324,0.94,0.38,13.94,2.09,6.22,2.83,50.65,7.07,3.23,3.76,4
325,0.74,0.62,30.01,-5.15,-7.78,-3.26,59.43,3.07,-3.94,-0.61,4
326,1.17,0.68,15.13,1.22,3.86,2.52,10.65,17.01,2.02,2.26,4
327,0.58,0.21,38.06,2.91,4.19,3.02,52.54,48.59,4.35,7.6,4
328,1.09,0.75,12.87,-0.5,-0.44,0.89,44.24,53.21,4.14,7.92,4
329,1.06,0.43,35.93,0.43,1.86,2.17,24.17,14.61,0.8,1.4,4
330,0.82,0.61,21.37,0.99,1.86,1.69,35.04,0,2.45,5.95,4
331,0.85,0.77,18.75,-2.67,-1.5,0.7,37.21,20.82,6.32,28.54,4
332,0.68,0.65,6.01,0.94,2.64,2.33,47.54,26.03,1.65,4.01,4
333,1.12,0.94,11.63,2.46,12.52,80.41,57.73,6.57,2.49,2.56,4
334,1.05,0.73,19.78,1.64,5.31,118.03,49.48,6.67,1.66,1.97,4
335,0.84,0.62,28.83,-3.65,-2.27,0.38,11.48,4.61,2.28,4.85,4
336,0.95,0.87,7.36,1.19,2.74,1.63,21.61,8.64,3.05,4.4,4
337,0.29,0.19,10.4,2.4,3.57,2.13,35.3,16.1,4.52,9.28,4
338,1.04,0.92,33.41,1.03,0.5,1.09,66.93,42.65,11.97,34.22,4
339,0.56,0.36,2.67,-3.71,-12.69,-2.31,13.81,0,-2.59,-0.45,4
340,0.68,0.62,15.82,3.36,5.78,4.46,20.96,17.66,4.33,8.23,4
341,0.72,0.54,24.81,-3.44,-3.13,-0.6,30.77,32.12,-1.28,6.09,4
342,1.03,0.65,40.4,-6.97,-10.29,-4.99,31.29,23.12,-5.8,1.12,4
343,1.02,1,5.7,1.38,3.77,24.28,89.68,5.84,1.44,1.82,4
344,1.06,0.99,31.64,-13.28,-13.26,-3.94,29.32,0,-10.59,-2.46,4
345,1.18,1.07,31.78,-3.3,-5.47,-6.99,20.01,17.53,-2.89,0.11,4
346,1.17,0.89,10.41,-3.65,-3.07,0.47,11.38,38.52,3.22,8.8,4
347,0.65,0.52,16,3.04,4.37,2.64,124.2,9.51,4.89,10.88,4
348,0.95,0.93,12.39,1.34,3.29,3.4,103.71,27.74,1.89,2.54,4
349,0.99,0.76,17.61,0.04,0.05,1.49,26.43,42.52,0.11,4.26,4
350,1.17,0.38,24.98,1.17,7.44,3.65,7.64,16.53,1.61,2.2,4
351,1.34,0.29,14.26,-0.25,-0.65,0.73,5.71,0,0.65,2.23,4
352,1.44,0.26,28.09,2.08,8.96,5.52,16.59,29.46,2.54,3.55,4
353,0.6,0.28,33.8,-0.03,-0.06,0.97,31.7,4.41,0.55,2.92,4
354,1.3,0.89,5.63,1.11,4.93,3.17,39.58,14.46,1.62,1.93,4
355,1.19,0.56,18.58,0.84,3.03,3.26,53.52,11.99,1.21,1.64,4
356,0.59,0.56,54.49,-1.01,-0.46,0.78,16.01,46.19,3.49,7.46,4
357,1,0.85,3.82,2.3,5.92,6.38,78.35,23.68,2.73,3.24,4
358,1.27,0.84,31.07,-4.9,-14.17,-11.04,48.98,21.26,-4.49,-1.34,4
359,0.7,0.54,12.27,-1.65,-1.2,0.39,56.89,21.94,1.03,4.94,4
360,1.1,0.82,26.73,2.67,4.33,2.11,18.6,16.11,5.06,9.31,4
361,0.91,0.25,25.85,0.15,0.61,1.21,32.43,17.78,0.84,1.5,4
362,1.13,1.12,16.92,1.01,3.38,13.45,83.55,9.55,1.09,1.9,4
363,1.07,0.82,14.04,0.27,0.44,1.18,67.69,14.52,1.78,4.64,4
364,0.92,0.6,33.79,-2.7,-3.45,0,28.64,20.66,0,4.94,4
365,1.16,0.27,26.18,0.65,2.52,2.72,30.84,10.73,1.03,1.63,4
366,0.5,0.48,-53.78,-6.26,-7.98,-1.17,27.04,29.41,-3.36,-1.03,5
367,1.48,0.97,31.88,-15.62,-28.7,-19.63,30.62,5.89,-14.86,-12.89,5
368,2.21,1.91,-1.25,-25.09,-57.32,-12.84,11.31,22.61,-23.28,-19.66,5
369,0.95,0.53,0.16,-16.81,-50.09,-11.17,7.27,5.85,-15.42,-13.06,5
370,0.57,0.42,6.27,-13.12,-7.84,-0.68,5.07,2.76,-5.29,7.41,5
371,1.03,0.82,28.27,-9.06,-6.54,-0.57,46.01,27.15,-3.26,1.87,5
372,0.98,0.38,32.35,-18.48,-32.59,-17.33,25.71,0.5,-17.47,-12.71,5
373,0.12,0.11,-8.77,2.24,2.31,1.26,23.86,70.23,10.86,22.58,5
374,0.31,0.3,-0.64,0.31,1.2,34,57.44,10.45,0.32,24.65,5
375,0.64,0.64,18.19,-21.48,-22.65,-25.34,31.65,7.78,-20.67,-8.17,5
376,2.04,2.04,-20.3,-26.64,-37.04,-165.54,27.82,0,-26.48,-23.76,5
377,1.21,0.83,20.75,-3.38,-2.61,0.39,32.88,34.68,2.14,8.58,5
378,0.96,0.9,9.2,-23.99,-21.18,0,15.96,0,-23.99,-21.43,5
379,1.18,0.86,6,-65.29,-57.09,-29.83,99.67,-14.41,-63.17,-60.32,5
380,0.98,0.91,-9.64,-14.08,-35.48,-37.25,0,-6.24,-13.71,-13.43,5
381,1.21,0.39,36.18,-7.78,-6.02,-0.86,16.75,14.69,-3.57,1.41,5
382,0.53,0.38,-5.09,-1.27,-0.93,0.84,9.83,20.25,6.84,13.33,5
383,0.67,0.49,-2.85,1.06,3.21,1.87,12.69,11.63,2.27,3.59,5
384,0.72,0.55,16.34,-9.78,-10.02,-0.29,47.1,24.41,-2.18,3.19,5
385,0.8,0.41,2.46,-1.81,-3.95,-186.8,58.22,28.94,-1.8,-0.43,5
386,2.02,1.33,23.85,-12.87,-11.14,-2.17,47.74,0,-8.81,-6.07,5
387,1.62,1.24,-1.22,-23.52,-28.48,-5.1,40.44,31.46,-19.66,-16.55,5
388,0.22,0.22,4.94,-18.09,-7.23,-321.41,86.77,0,-18.03,3.83,5
389,0.7,0.67,11,-4.4,-9.55,-1.1,19.14,27.93,-2.3,4.19,5
390,0.34,0.29,1.46,0.67,0.56,1.16,37.91,22.94,4.82,15.38,5
391,1.05,1.03,1.71,-15.91,-11.12,-26.21,33.14,-0.36,-15.33,-8.25,5
392,1.09,1.09,16.39,-10.2,-10.4,-2.16,4.9,41.31,-6.97,3.92,5
393,0.51,0.31,6.94,-4.84,-7.42,0.4,17.4,12.89,3.23,13.42,5
394,2.63,1.46,-17.92,-15.21,-23.94,-16.85,48.76,34.39,-14.36,-12.42,5
395,1.07,0.65,-3.58,-7.23,-5.95,-3.93,46.91,0,-5.76,-1.55,5
396,0.96,0.2,9.66,0.07,0.18,1.05,13.03,13.85,1.46,2.16,5
397,0.89,0.6,18.65,-10.95,-16.6,-9.81,13.1,6.81,-9.94,-3.21,5
398,0.49,0.37,-9.98,-5.71,-5.79,0.13,42.23,9.97,0.89,6.55,5
399,1.22,1.02,-9.75,-10.38,-12.7,-5.76,88.3,15.14,-8.85,-8.33,5
400,1.13,1.06,3.7,-5.57,-15.13,-3.63,22.82,10.06,-4.36,-1.1,5
401,0.75,0.58,17.5,-4,-3.01,0.39,34.68,60.49,2.55,9.8,5
402,1.28,0.65,-0.86,-10.04,-18.47,-5.38,26.77,0,-8.47,-5.39,5
403,1.12,0.68,28.97,-35.98,-36.32,-37.56,20.58,0.05,-35.04,-31.69,5
404,0.71,0.53,-27.38,-10.46,-35.69,-14.23,83.58,28.83,-9.77,-8.73,5
405,0.73,0.72,4.98,-29.86,-57.98,-6.03,38.62,-3.54,-25.61,-3.7,5
406,0.21,0.18,20.75,-7.24,-3.91,-0.84,11.81,0,-3.3,28.4,5
407,1.05,1.04,7.79,-14.9,-37.14,2.88,24.88,-1.11,-14.89,-14.48,5
408,2.05,0.79,-41.98,-2.86,-10.61,-32.36,12.45,5.05,-2.78,-2.09,5
409,0.67,0.35,17.66,-8.33,-7.64,-2.35,28.87,24.99,-5.84,3.8,5
410,1.02,0.3,2.92,-21.04,-12.93,-2.77,31.77,-1.99,-15.44,-14.66,5
411,1.32,0.31,-19.91,-2.52,-10.14,-0.66,1.26,12.72,-1,-0.33,5
412,0.46,0.35,17.92,-0.32,-0.33,0.93,27.63,30.33,3.82,9.99,5
413,0.5,0.4,2.93,0.14,0.21,1.02,41.7,27.25,6.03,11.26,5
414,1.61,1.29,-12.13,-46.77,-50.36,-8.17,81.58,-26.32,-41.67,-34.67,5
415,0.88,0.69,4.88,-23.78,-50.13,-11.39,56.95,27.22,-21.86,-18.54,5
416,0.85,0.57,4.05,-2.15,-2.02,0.36,75.44,23.31,1.22,7.18,5
417,0.85,0.57,3.65,-2.14,-2,0.36,75.44,23.31,1.22,7.18,5
418,0.57,0.35,-13.54,-20.8,-56.32,-21.08,54.03,-14.1,-19.86,-17.21,5
419,0.35,0.32,-1.27,-13.91,-11.57,-1.36,10.21,3.84,-8.01,-0.66,5
420,0.92,0.46,11.08,-4.45,-4.6,-7.64,42.79,20.39,-3.94,2.05,5
421,0.64,0.55,13.85,-1.72,-1.27,0.64,74.5,15.93,3.1,10.25,5
422,3.36,2.61,-92.19,-17.53,-19,-1.12,53.43,20.89,-9.24,-5.96,5
423,1.18,1.18,21.06,-24.21,-32.83,-45.74,16.86,62.61,-23.69,-15.62,5
424,0.72,0.41,10.8,-7.16,-9.29,-3.15,49.82,0,-5.43,-2.47,5
425,0.46,0.44,-7.01,-14.12,-56.47,-11.28,26.43,7.69,-12.97,-11.98,5
426,0.8,0.61,2.46,-7.07,-14.29,-4,35,4.81,-5.65,2.07,5
427,0.89,0.45,14.4,-2.99,-3.29,-2.36,33.44,43.44,-2.1,3.32,5
428,0.74,0.56,3.48,-6.52,-9.36,-1.39,56.48,32.44,-3.78,-0.13,5
429,0.5,0.48,4.08,-0.26,-0.97,0.78,12.51,19.05,0.87,3.64,5
430,1,0.8,-19.56,-21.92,-15,-2.31,55.02,8.54,-15.28,-8.4,5
431,0.84,0.8,21.64,-30.14,-22.91,-5.41,73.73,12.8,-25.43,-10.85,5
432,0.25,0.2,-5.89,-6.72,-5.8,-0.24,60.15,14.8,-1.26,11.17,5
433,0.93,0.68,-7.58,0.09,0.09,1.01,40.34,23.79,7.53,15.72,5
434,0.65,0.35,-27.13,3.7,4.34,1.95,33.45,37.82,7.57,11.37,5
435,1.39,0.8,-10.26,-9.28,-5.42,0.38,44.87,25.01,5.78,15.48,5
436,0.21,0.2,0.73,-1.58,-2.98,0.56,24.75,12.86,1.96,5.67,5
437,0.27,0.24,15.86,-2.96,-4.36,0.01,31.99,66.95,0.03,5.45,5
438,0.77,0.63,3.18,1.08,1.03,1.43,42.55,21.85,3.59,6.24,5
439,1.17,1.08,23.19,-28.43,-20.23,-5.71,84.77,-10.38,-24.19,-18.73,5
440,0.67,0.55,-82.24,-9.29,-40.96,-4.76,76.95,26.47,-7.67,-5.46,5
441,0.41,0.36,-3.2,-5.38,-8.39,-1.81,26.33,67.79,-3.46,3.93,5
442,1.49,1.04,18.28,-17.86,-15.62,-16.09,38.39,17.88,-16.81,-13.06,5
443,0.87,0.58,-25.05,-7.77,-16.27,-1.25,58.83,39.53,-4.31,0.3,5
444,0.64,0.44,4.48,-12.76,-22.32,-3.54,58.93,24.92,-9.95,-6.38,5
445,0.87,0.53,2.64,-6,-8.85,-4.11,115.33,13.95,-4.83,-3.41,5
446,2.88,2.49,35.58,-4.26,-2.52,0.51,17.96,38.68,4.45,16.12,5
447,3.14,3.14,53.91,0.11,7.17,9.73,0.81,0.15,0.12,0.15,1
448,4.21,4.21,77.15,0.08,5.45,7.6,0.81,0.15,0.09,0.12,1
449,1.88,1.88,51.57,15.08,22.57,426.75,29.48,55.57,15.11,15.48,1
450,1.75,1.25,23.33,14.95,13.71,4.11,56,20.59,19.75,25.14,1
451,2.44,2.37,64.48,41.89,14.22,14.79,37.9,0,44.93,70.22,1
452,2.93,2.5,28.34,19.14,35.31,12.79,4.19,14.18,20.76,21.6,1
453,0.69,0.5,47.74,17.83,14.69,9.28,12.69,0,19.98,26.05,1
454,2.46,0.69,53.9,13.09,12.24,9.29,33.47,20.33,14.67,15.37,1
455,0.47,0.45,53.17,14.42,5.67,4.11,25.48,26.57,19.05,24.12,1
456,2.26,1.71,62.58,7.4,10.59,15.81,33.28,29.61,7.9,10.57,1
457,1.78,1.4,38.76,7.89,4.08,3.01,41.52,0,11.83,21.14,1
458,2.3,1.72,17.4,10.19,3.14,1.92,50.54,0,21.21,43.05,1
459,0.89,0.69,35.45,9.77,6.49,4.08,89.51,37.1,12.94,27.91,1
460,1.16,0.9,68.55,11.68,8.7,157.75,10.06,20.43,11.76,22.85,1
461,2.1,1.74,61.18,1.06,0.93,1.78,31.68,25.84,2.41,6.46,1
462,2.38,0.9,57.58,9.2,7.58,15.44,16.79,42.69,9.84,13.97,1
463,2.28,1.44,60.36,7.62,11.04,472.25,18.4,38.09,7.63,10.75,1
464,1.7,1.25,55.69,11.48,23.3,154.13,26.93,23.04,11.56,14.15,1
465,1.66,1.49,45.15,21,30.35,24.05,17.02,18.68,21.91,28.38,1
466,0.97,0.96,56.47,18.62,3.38,2.48,35.46,0,31.23,46.59,1
467,1.43,1.15,75.85,25.55,4.55,3.65,25.28,31.9,35.2,40.35,1
468,0.76,0.66,64.02,23.85,7.02,5.28,27.06,0,29.42,39.89,1
469,0.59,0.58,37.71,28.56,6.46,3.21,7.89,85.24,41.5,60.38,1
470,1.53,1.51,40.05,57.53,29.2,15.24,0.65,65.18,61.57,81.54,1
471,0.94,0.64,48.17,9.56,6.69,3.63,45.14,41.58,13.19,18.04,1
472,1.73,1.16,61.49,4.46,12.81,4.51,12.06,0,5.74,7.09,1
473,0.31,0.3,43.19,25.17,5.55,2.72,49.3,0,39.77,59.28,1
474,1.51,1.43,30.05,33.23,22.75,8.82,7.66,45.32,37.48,57.2,1
475,1.06,1.06,44.12,24.95,4.45,2.61,3.98,0,40.49,65.89,1
476,1.04,0.97,46.7,8.73,12.3,4.26,33.1,27,11.41,15.07,1
477,1.5,1.42,43.08,23.72,39.2,37.28,25.7,66.77,24.37,27.49,1
478,2.17,1.6,55,17.36,32.06,85.93,0,40.37,17.57,19.55,1
479,1.35,1.25,44.53,19.94,36.58,31.85,39.63,36.17,20.59,23.59,1
480,1.04,0.97,33.26,26.05,5.73,3,13.21,91.93,39.11,60.77,1
481,0.44,0.42,61.12,17.55,7.37,4.11,16.36,27.76,23.19,30.75,1
482,4.07,2.99,18.72,14.46,6.8,427.31,18.49,28.85,14.49,21.47,1
483,3.87,3.43,78.22,13.28,10.98,232.62,45.75,25.51,13.34,17.87,1
484,1.02,0.63,41.51,13.04,7.4,3.58,12.85,76.3,18.11,23.94,1
485,0.7,0.7,49.66,17.57,13.57,9.52,39.42,31.83,19.63,24.36,1
486,3.03,2.96,61.4,12.99,5.39,10.58,29.54,48.4,14.35,15.26,1
487,1.12,1.1,68.15,33.6,9.65,9.78,14.16,48.56,37.43,56.49,1
488,2.08,1.57,65.72,15.48,23.36,11.37,20.48,32.37,16.98,19.64,1
489,1.09,0.78,42.77,15.63,4.6,2.3,34.54,34.07,27.63,27.82,1
490,1.39,1.35,62.48,7.75,4.48,7.91,8.15,0,8.87,14.45,1
491,2.25,1.59,44.34,10.27,13.27,6.11,22.29,17.96,12.28,17.95,1
492,4.99,4.91,14.21,22.92,12.96,56.97,29.42,38.78,23.33,26.05,1
493,0.83,0.25,48.61,12.12,4.39,5.52,45.34,47.17,14.8,17.76,1
494,1.44,1.35,69.89,40.84,16.78,26.31,45.82,48.63,42.45,59.19,1
495,2.55,1.3,71.3,18.43,28.49,27.41,5.7,27.34,19.12,20.89,1
496,4.07,3.98,40.2,7.68,4.09,2.17,18.4,21.96,14.28,17.11,1
497,1.14,1.08,43.38,24.73,13.41,7.9,4.1,36.78,28.31,38.81,1
498,2.81,2.22,72.85,12.56,14.91,0,42.52,0,12.56,15.2,1
499,1.89,1.83,34.82,46.68,15.53,4.79,0,0,59.01,78.56,1
500,0.6,0.46,58.65,8.98,4.35,2.7,21.7,27.13,14.28,20.54,1
501,1.27,1.1,36.23,20.67,1.71,52.38,7.1,0,21.07,27.04,1
502,0.95,0.93,37.46,10.25,5.03,3,20.09,0,15.38,29.11,1
503,2.74,1.59,64.78,5.49,10.42,25.67,15.09,17.95,5.71,8.37,1
504,0.99,0.78,42.22,14.89,6.69,3.88,10.08,0,20.07,34.74,1
505,0.54,0.49,53.08,16.15,6.48,7.67,47.58,35.13,18.57,26.9,1
506,1.09,0.79,50.34,19.72,12.19,4.54,18.86,33.38,25.29,39.16,1
507,1.87,1.74,59.72,39.4,17.87,10.4,30.26,55.93,43.59,64.7,1
508,1.84,1.16,65.01,13.7,18.86,61.51,35.01,29.42,13.92,17.08,1
509,0.97,0.58,68.34,11.91,13.14,47.03,35.71,35.98,12.16,18.14,1
510,2.22,2.06,62.45,9.96,13.82,424.67,77.25,23.47,9.98,11.98,1
511,2.08,0.94,67.71,6.15,9.23,25.13,37.3,29.54,6.4,9.87,1
512,2.33,2.2,62.2,17.03,20.88,0,38.58,39.38,17.03,18.37,1
513,1.96,0.44,61.32,8.61,15.49,74.25,4.25,21.98,8.72,10.37,1
514,1.92,1.79,49.85,19.16,26.01,29.32,38.5,43.59,19.84,22.7,1
515,5.34,5.24,42.57,5.08,2.21,1.6,0.65,21.96,13.49,18.08,1
516,1.52,1.48,49.28,11.46,10.25,5.3,27.29,38.61,14.12,18.94,1
517,0.75,0.66,56.1,34.03,10.68,6.54,11.16,0,40.18,43.07,1
518,2.34,1.28,49.77,14.46,16.01,11.49,11.26,31.17,15.84,22.77,1
519,1.96,1.91,32.37,11.01,7.43,3.28,31.4,21.16,15.84,19.44,1
520,3.15,1.29,68.86,6.69,7.36,13.96,28.38,25.42,7.2,10.26,1
521,2.54,1.94,63.26,13.46,16.9,14.16,14.57,28.36,14.49,18.87,1
522,1.97,1.5,56.41,13.46,16.36,14.15,14.57,28.36,14.48,18.87,1
523,0.94,0.9,56.98,9.97,9.82,6.39,32.79,26.5,11.83,19.12,1
524,1.83,1.49,62.67,12.05,14,20.63,48.86,26.87,12.66,19,1
525,1.86,1.85,54.16,36.56,18.17,28.58,16.17,0,37.89,44.32,1
526,1.32,1.25,39.31,29.75,14.19,0,35.94,45.33,29.75,42.56,1
527,1.66,1.49,46.49,12.86,9.29,3.91,9.73,22.72,17.29,20.94,1
528,2.17,1.19,37.31,15.09,22.18,94.22,38.38,35.24,15.25,18.08,1
529,3.26,2.33,77.07,9.08,8.51,47.96,30.88,59.35,9.27,13.05,1
530,2.15,1.96,45.52,20.69,26.23,35.24,11.03,32.78,21.3,22.35,1
531,2.16,2.16,56.19,16.83,23.36,147.04,15.41,55.58,16.95,17.62,1
532,2.74,0.95,56.83,14.31,32.53,60.81,16.26,28.36,14.55,15.19,1
533,1.68,1.63,37.61,43.73,18.69,11.14,29.63,0,48.05,63.78,1
534,3.93,2.22,76.48,8.01,20.87,58.71,0.59,34.5,8.15,9.99,1
535,1.39,1.37,10.98,26.94,17.22,7.79,14.67,20.96,30.91,47.58,1
536,2.36,2.31,78.05,4.36,1.93,3.58,50.2,0,6.05,19.03,1
537,1.09,0.73,45.45,28.22,12.93,7.15,24.15,0,32.82,44.02,1
538,2.33,1.73,58.09,4.07,12.09,11.27,13.18,6.88,4.46,5.67,1
539,1.1,0.75,54.4,8.56,8.27,4.84,16.48,16.08,10.79,13.59,1
540,0.44,0.37,48.33,17.49,5.2,3.2,13.68,0,25.45,41.95,1
541,1.07,1.03,44.4,23.36,5.07,2.62,49.72,0,37.78,54.16,1
542,1.25,0.7,65.87,5.16,1.79,2.53,24.7,38.56,8.53,11.05,1
543,1.18,1.12,62.29,33.58,37.04,374.83,7.73,44.24,33.67,37.18,1
544,1.88,1.69,4.62,19.22,6.77,2.17,14.04,39.52,35.59,45.65,1
545,2.99,2.56,15.97,9.6,2.82,1.6,30.89,0,25.53,49.03,1
546,1.27,1.18,40.84,43.58,55.61,214.12,13.16,46.61,43.78,51.22,1
547,0.9,0.67,65.08,13.76,10.06,264.93,13.96,20.02,13.82,25.31,1
548,2.8,1.21,66.94,14.38,11,41.22,43.29,65.05,14.74,20.63,1
549,1.97,1.65,59.82,17.69,17.68,0,22.21,27.78,17.69,20.75,1
550,2.44,0.92,56.36,7.88,6.97,8.03,16.32,41.89,9,14.06,1
551,2.45,1.4,67.38,11.69,17.26,128.95,13.19,38.22,11.78,14.61,1
552,4.26,2.27,77.43,2.55,2.51,19.33,0.77,19.93,2.69,7.67,1
553,2.14,1.76,60.18,20.07,31.51,131.84,57.05,33.86,20.22,22.57,1
554,1.43,1.05,50.61,2.92,3.32,2.16,31.22,41.64,5.43,11.18,1
555,1.12,1.11,55.41,9.7,2.79,1.92,24.16,0,20.25,39.21,1
556,1.91,1.6,77.07,24.89,5.16,3.52,30.62,43.46,34.75,39.6,1
557,0.92,0.77,62.14,17.77,5.19,3.71,25.81,0,24.33,34.18,1
558,0.34,0.34,36.51,19.5,6.66,3.24,19.08,90.96,28.18,39.57,1
559,0.95,0.67,50.6,10.37,6.84,4.19,47.3,42.59,13.61,18.06,1
560,0.37,0.37,47,31.73,6.61,3.5,3.18,0,44.42,55.68,1
561,2.4,1.56,56.84,14.84,31.25,23.26,31.36,48.52,15.51,18.16,1
562,1.08,1.01,52,16.8,12.76,5.31,2.69,43.04,20.7,27.09,1
563,0.47,0.44,59,17.65,6.71,4.44,11.64,28.18,22.78,30.54,1
564,3.23,2.02,14.41,10.68,5.53,137.75,19.43,23.37,10.76,17.57,1
565,4.27,3.81,79.74,13.83,12.82,26.45,41.32,26.08,14.37,18.69,1
566,4.44,4.36,75.84,12.32,5.39,23.96,25.81,43.76,12.85,13.72,1
567,1.1,1.08,66.16,40.28,13.36,15.53,16.89,54.07,43.05,59.61,1
568,3.96,3.38,47.53,6.94,6.94,3.58,19.26,22.68,9.62,12.87,1
569,1.24,0.96,35.01,14.69,4.2,2.23,104.41,29,26.66,27.22,1
570,6.13,6.05,81.41,19.4,8.92,49.22,24.25,0,19.8,31.33,1
571,4.89,4.81,13.75,24.24,12.88,42.14,32.28,40.25,24.82,27.57,1
572,0.83,0.16,58.25,15.16,10.68,7.84,33.94,46.76,17.38,19.93,1
573,4.89,4.73,40.15,8.84,4.84,2.46,17.22,23.48,14.91,16.74,1
574,1.06,0.98,44.87,24.89,12.74,10.07,3.19,35.35,27.63,39.08,1
575,2.98,2.44,74.84,8.39,9.09,0,45.9,0,8.39,10.99,1
576,1.4,1.39,49.34,17.76,6.39,9.5,0,21.11,19.85,61.26,1
577,1.11,0.73,55.54,4.86,4.17,2.98,32.52,20.57,7.31,10.79,1
578,1.12,0.97,56.85,10.13,4.86,3.19,25.49,0,14.76,20.81,1
579,1.13,0.93,35.66,42.08,3.76,53.15,11.18,47.33,42.89,49.39,1
580,0.94,0.92,37.97,12.25,5.29,3,17.98,0,18.38,34.47,1
581,1.23,1.01,39.52,15.18,6.55,3.32,12.35,0,21.73,36.45,1
582,2.11,1.32,61.83,8.19,13.46,55.18,30.93,19.52,8.34,13.15,1
583,0.54,0.49,49.25,17.47,7.19,16,80.3,32.26,18.63,26.4,1
584,1.21,0.74,37.13,11.85,1.84,1.4,16.98,55.21,41.63,42.92,1
585,1.71,1.1,62.61,14.86,19.2,88.86,40.25,29.98,15.03,18.22,1
586,1.38,0.95,73.65,10.09,11.98,33.93,27.6,40.74,10.39,14.41,1
587,2.09,1.89,61.12,9.79,14.49,175.86,75.09,23.22,9.84,11.63,1
588,2.06,0.87,66.71,7.19,11.77,23.49,34.27,30.04,7.51,10.87,1
589,2.27,2.16,61.22,19.64,24.6,0,24.72,43.57,19.64,21.31,1
590,1.7,0.38,54.24,15.83,47.98,106.63,4.88,23.36,15.98,17.01,1
591,1.87,1.77,49.18,18.05,22.2,29.52,36.75,42.79,18.68,21.46,1
592,1.25,1.21,45.06,10.27,9.4,5.52,23.82,36.12,12.54,31.82,1
593,0.79,0.69,58.23,40.51,13,100.89,8.62,0,40.92,43.87,1
594,2.59,1.57,53.92,6.21,5.31,9.62,0,47.61,6.94,10.21,1
595,2.28,1.6,61.18,12.34,15.84,14,19.02,28.43,13.29,16.62,1
596,1.8,1.21,55.75,13.13,16.97,14.83,19.02,27.72,14.08,17.4,1
597,0.77,0.74,53.48,10.13,9.41,5.53,34.97,26.73,12.37,19.84,1
598,1.42,1.01,60.16,11.77,14.92,19.63,37.36,27.17,12.4,19.47,1
599,2.76,2.75,60.39,26.44,17.86,26.25,10.71,0,27.48,34.41,1
600,1.04,0.99,35.76,30.71,15.14,0,32.39,46.2,30.71,42.2,1
601,2.89,1.61,66.4,2.61,4.31,7.4,36.27,38.15,3.02,3.36,1
602,0.49,0.47,48.88,20.24,3.04,1.92,26.11,94,42.28,45.06,1
603,3.57,2.5,79.01,5.9,5.29,16.3,28.2,56.2,6.29,10.43,1
604,0.38,0.33,12.99,13.08,5.43,2.98,15.69,38.91,19.68,28.34,2
605,2.45,2.38,23.27,2.08,3.59,2.14,2.64,23.96,3.89,6.76,2
606,1.14,1.08,44.21,15.52,34.82,60.92,23.28,11.81,15.78,16.31,2
607,1.41,1.06,55.44,1.59,6.37,29.12,8.93,4.19,1.64,2.35,2
608,2.2,2.11,53.21,5.45,9.98,11.32,43.52,5.37,5.98,7.91,2
609,1.22,0.97,34.83,7.38,6.92,3.35,32.73,26.32,10.53,15.85,2
610,1.6,1.43,33.18,6.65,6.32,8,72.81,0,7.6,10.51,2
611,0.51,0.49,53.05,4.97,4.17,3,6.81,9.64,7.46,11.1,2
612,1.53,0.93,52.5,3.82,9.32,72.32,35.65,10.46,3.88,6.26,2
613,0.95,0.89,30.2,12.05,7.45,3.09,42.9,0,17.82,24.59,2
614,0.85,0.85,28.86,18.29,17.2,20.32,18.6,0,19.24,28.56,2
615,1.36,1.35,45.91,0.44,0.23,1.17,0,13.49,3.07,14.61,2
616,3.62,3.46,19.42,-0.74,-0.57,0,67.17,16.03,-0.74,6.42,2
617,2.36,1.68,60.36,-3.37,-7.85,0,49.92,28.12,-3.37,-2.37,2
618,1.31,1.15,44.05,0.88,1.54,1.96,35.35,28.67,1.8,3.79,2
619,0.37,0.2,16.83,4.22,1.95,1.42,28.88,84.21,14.32,18.74,2
620,1.79,1.47,43.65,10.29,24.26,297.97,18.82,33.44,10.32,13.86,2
621,1.73,1.67,38.61,7.86,12.54,18.31,8.04,96.68,8.32,11.3,2
622,1.27,0.79,37.15,10.66,27.71,8.75,21.5,24.31,12.04,13.65,2
623,1.27,0.82,33.32,5.21,5.77,3.55,38.61,31.75,7.25,10.5,2
624,1.15,0.88,54.61,5.67,14.99,19.87,20.29,16.27,5.97,7.89,2
625,1.7,1.36,24.38,10.83,15.95,4.72,10.94,19.88,13.74,16.02,2
626,0.61,0.54,64.7,-4.16,-1.9,-12.77,88.8,0,-3.86,10.31,2
627,1.6,1.02,43.63,9.05,20.83,103.27,30.95,23.57,9.14,10.31,2
628,2.23,1.73,51.43,2.45,6.86,2.64,5.69,17.66,3.94,4.31,2
629,1.08,0.83,51.01,11.44,11.61,13.43,35.88,16.54,12.36,17.18,2
630,0.5,0.27,63.25,3.05,6.47,9.82,26.82,5.84,3.39,5.59,2
631,1.3,0.95,36.39,7.59,9.45,6.11,25.68,24.41,9.07,14.39,2
632,0.67,0.45,37.77,31.88,12.74,9.45,27.6,0,35.65,46.42,2
633,1.19,0.6,55.66,9.43,13.86,10.1,24.59,46.52,10.46,13.42,2
634,1.62,1.1,43.77,13.8,18.95,13.44,32.36,12.3,14.91,16.99,2
635,2.19,1.61,58.77,3.06,12.46,15.56,8.98,5.21,3.27,3.96,2
636,0.94,0.53,63.18,2.46,3.86,4.23,24.86,31.4,3.22,5.7,2
637,1.99,1.4,38.54,3.84,5.77,2.67,24.08,27.27,6.13,9.96,2
638,2.31,2.07,41.71,9.28,6.76,6.62,47.25,0,10.93,17.29,2
639,1.46,0.99,43.25,4.36,4.48,2.35,21.3,23.63,7.59,12.68,2
640,1.37,0.82,27.48,6.86,5.79,3.42,35.82,27.76,9.69,16.15,2
641,1.41,0.91,55.76,7.66,17.09,10.08,14.64,0,8.51,10.33,2
642,0.42,0.37,44.09,12.26,3.48,2.16,13.11,0,22.79,39.73,2
643,1.35,1.34,55.65,4.04,9.09,5.41,25.83,50.52,4.96,9.32,2
644,0.92,0.76,71.46,4.89,4.38,4.77,24.23,74.92,6.18,12.21,2
645,0.31,0.27,61.71,-2.15,-1.71,-0.83,16.36,34.9,-0.98,5.86,2
646,1.27,1.27,59.3,-2.39,-1.42,0.68,21.05,32.34,5.01,6.14,2
647,1.29,1.07,46.65,4.82,9.94,7.72,41.34,44.29,5.53,9.09,2
648,1.09,0.53,69.46,1.33,0.36,1.23,29.77,23.18,7.16,10.32,2
649,1.32,1.25,42,9.5,17.82,4.74,1.08,35.78,12.03,17.27,2
650,1.5,1.01,50.42,6.11,9.59,8.66,32.33,22.85,6.91,10.24,2
651,1.02,0.98,35.61,0.79,1.39,113.43,16.62,5.18,0.79,3.09,2
652,1.63,1.09,64.61,-3.48,-4.52,-2.45,66.62,16.27,-2.47,1.31,2
653,1.2,1.15,47.87,6.58,6.49,58.15,10.86,45.42,6.7,14.68,2
654,1.1,0.5,37.76,9.54,2.93,3.39,41.67,35.06,13.52,22.54,2
655,1.38,0.59,50.28,0.12,0.21,1.05,32.23,7.52,2.52,5.69,2
656,1.33,0.97,56.46,1.8,4.76,5.39,16.25,13.89,2.21,4.68,2
657,1.87,1.26,54.77,5.78,7.61,8.76,6.26,25.02,6.53,11.32,2
658,1.2,1.12,41.04,3.6,11.13,14.8,30.02,20.51,3.86,5.47,2
659,1.55,1.19,47.12,9.15,18.42,71.2,10.85,28.54,9.28,10.89,2
660,2.12,0.92,60.84,5.79,15.92,63.29,26.15,23.64,5.88,7.35,2
661,1.48,1.41,33.31,11.16,43.81,37.16,18.2,28.39,11.47,12.69,2
662,1.96,1.71,40.05,5.57,5.87,10.13,42.65,33.16,6.18,10.33,2
663,2.39,1.38,54.53,2.76,5.07,3.35,10.56,0,3.94,5.77,2
664,2.1,1.51,57.93,3.16,7.59,31.37,35.17,25.64,3.26,4.18,2
665,1.02,0.97,42.01,2.71,4.51,2.32,21.76,10.83,4.78,11.65,2
666,1.65,1.39,43.4,16.42,21.37,34.92,9.65,0,16.91,19.38,2
667,1.6,0.67,51.73,6.7,11.56,6.3,16.5,41.05,7.96,10.28,2
668,1.74,1.64,48.3,3.32,13.47,26.34,24.25,0,3.45,4.2,2
669,1.72,1.3,9.39,14.55,22.6,327.25,51.83,0,14.59,18.24,2
670,1.83,1.69,48.8,11.95,17.47,84.6,89.52,22,12.1,13.56,2
671,1.74,1.24,50.87,4.95,9.83,27.79,47.89,24.22,5.13,6.48,2
672,1.67,1.18,43.6,4.68,7.08,19.72,10.94,15.85,4.93,7.76,2
673,0.97,0.76,46.16,6.26,7.27,4.4,32.24,49.16,8.11,18.45,2
674,1.41,0.88,50.77,8.05,9.36,7.39,24.52,36.18,9.31,14.69,2
675,1.36,1.04,41.25,8.63,10.3,4.85,38.29,41.37,10.87,14.82,2
676,1.76,0.47,46,4.56,12.28,17,16.9,49.1,4.85,6.55,2
677,2.39,1.5,67.54,-1.02,-2.13,-7.18,38.64,13.31,-0.89,1.16,2
678,2.74,2.14,40.92,0.26,0.27,1.34,13.89,33.7,1.01,4.04,2
679,1.52,1.22,51.65,21.25,20.87,30.23,60.55,69.67,21.98,26.1,2
680,0.85,0.62,29.59,19.26,19.62,9.21,12.52,27.72,21.6,32.15,2
681,0.47,0.45,38.32,15.35,11.51,7,49.66,27.49,17.91,22.9,2
682,1.13,0.95,47.19,11.09,22.03,22.23,20.03,33.05,11.61,14.87,2
683,1.47,1.28,56.27,4.1,5.57,6.93,20.61,0,4.79,7.75,2
684,1.06,0.95,15.68,31.52,27.6,302.79,36.52,34.57,31.62,35.42,2
685,1.61,1.23,47.2,7.93,17.76,8,19.06,42.87,9.07,10.41,2
686,1.35,1.34,34.41,6.32,5.99,4.65,41.85,20.38,8.05,11.55,2
687,1,0.65,55.64,5.4,4.81,3.36,29.32,19.05,7.69,10.89,2
688,2.48,1.86,67.28,-5,-9.84,-24.99,26.03,9.8,-4.81,0.31,2
689,2.13,1.29,55.14,0.06,0.09,1.05,19.08,52.21,1.43,3.61,2
690,0.54,0.53,35.82,17.31,6.82,4.34,24.97,54.73,22.49,41.67,2
691,1.9,1.12,55.3,10.52,8.22,17.47,0,48.86,11.16,13.78,2
692,2.57,1.43,63.68,2.93,4.94,9.83,45.75,37.08,3.26,5.7,2
693,1.75,1.22,42.58,13.48,14.6,9,67.8,36.35,15.17,20.54,2
694,0.99,0.64,50.52,13.46,20.21,14.95,27.43,36.69,14.43,20.58,2
695,2.72,1.62,70.8,-6.44,-12.49,-34.95,28.67,11.37,-6.27,-4.33,2
696,1,0.73,54.43,0.38,0.51,1.36,13.78,8.97,1.45,9.32,2
697,2.1,2.08,58.1,2.4,1.63,2.4,11.06,85.07,4.11,12.36,2
698,0.96,0.65,10.19,22.17,27.2,6.56,43.73,20.79,26.16,30.79,2
699,1.51,1.08,27.83,10.59,16.5,10.69,34.07,45.72,11.69,14.49,2
700,1.25,1.15,29.45,20.34,11.69,4.59,38.29,0,26,34.84,2
701,1.06,1.02,26.04,38.23,15.59,4.52,11.36,27.55,49.1,53.91,2
702,1.62,1.32,54.89,1.35,3.26,5.29,32.19,31.85,1.66,4.24,2
703,0.39,0.36,38.71,15.91,7.56,5.01,38.5,26.72,19.87,42.46,2
704,0.85,0.78,20.16,4.72,1.47,1.62,50.64,0,12.34,22.82,2
705,1.68,1.55,37.98,5.53,6.87,35.26,28.6,17.97,5.69,8.39,2
706,2.2,2.2,33.27,5.07,4.51,2.23,10.19,80.07,9.2,19.85,2
707,1.55,0.73,59.86,4.56,15.82,23.35,24.32,16.48,4.76,5.46,2
708,0.38,0.17,48.32,4.96,9.45,7.35,24.23,7.61,5.75,8.06,2
709,1.19,1.15,47.93,0.74,1.6,2.82,22.93,17.09,1.15,1.73,2
710,1.67,1.36,44.88,6.71,6.91,4.29,24.33,39.27,8.75,14.04,2
711,1.97,1.91,44.96,5.13,8.92,9.02,31.83,4.78,5.77,7.46,2
712,1.03,0.79,45.12,22.27,19.3,8.73,19.69,50.34,25.16,28.71,2
713,1.39,1.08,38.51,6.17,6.6,5.33,33.43,26.7,7.59,12.47,2
714,0.53,0.51,52.16,3.79,3.53,2.93,5.85,8.71,5.76,8.16,2
715,1.64,0.98,56.39,8.65,21.48,130.08,42.67,10.46,8.72,10.67,2
716,0.44,0.35,44.22,7.34,4.99,3.93,17.84,0,9.84,14.46,2
717,1.25,1.14,30.37,20.45,11.75,4.63,38.29,0,26.08,33.28,2
718,0.86,0.86,22.66,20.22,23.83,13.64,13.78,0,21.82,31.74,2
719,1.29,1.21,27.06,26.04,7.4,5.74,35.01,18.67,31.54,38.28,2
720,1.49,0.98,37.59,17.49,19.64,14.91,24.29,42.52,18.75,22.07,2
721,3.91,3.72,20.76,7.42,4.84,0,55.89,15.68,7.42,16.79,2
722,1.92,0.84,58.55,2.01,7.77,8.27,15.67,8.28,2.28,2.58,2
723,2.25,1.68,58.69,1.75,3.96,31.33,54.44,32.98,1.8,3.22,2
724,2.04,1.87,42.79,6.12,19.96,16.13,13.9,0,6.52,9.32,2
725,0.36,0.2,18.2,13.13,9.54,2.65,44.03,64.26,21.07,27.33,2
726,1.66,1,39.94,17.09,36.11,196.04,26.13,41.1,17.18,18.95,2
727,1.45,1.41,36.78,12.23,24.64,20.63,15.87,97.01,12.85,16.73,2
728,0.97,0.47,47.77,3.14,4.1,5.78,19.08,6.63,3.8,8.57,2
729,1.66,1.22,47.96,9.97,20.45,7.49,18.16,25.22,11.5,13.19,2
730,1.41,1.11,65.09,3.52,7.88,123.07,34.35,0,3.54,5.21,2
731,1.78,1.47,18.03,8.67,9.83,3.04,8.55,20.86,12.92,15.91,2
732,0.79,0.71,11.76,14.09,11.46,8.57,47.27,49.84,15.96,24.61,2
733,1.92,1.13,62.69,4.55,7.22,11.29,24.38,4.99,5,7.12,2
734,2.68,1.97,48.04,4.1,8.59,7.2,11.08,15.37,4.76,5.09,2
735,1.01,0.79,48.33,8.41,7.84,6.33,35.83,16.67,9.98,0,2
736,0.69,0.41,63.4,4.46,8.93,8.86,28.06,6.46,5.03,7.36,2
737,1.32,0.72,52.56,10.83,15.95,11.48,25,46.17,11.86,14.68,2
738,1.86,1.32,34.97,12.14,16.9,16.95,40.98,12.63,12.9,15.02,2
739,1.26,0.71,68.16,3.46,5.57,6.76,18.01,31.74,4.07,6.45,2
740,1.59,1.44,35.43,16.47,6.07,3.89,35.01,0,22.18,29.4,2
741,1.5,1.25,14.96,9.03,26.88,7.7,3.67,14.05,10.37,11.13,2
742,1.32,0.83,35.19,5.08,9.17,2.83,15.32,0,7.86,11.51,2
743,1.17,0.44,52.16,9.58,22.64,0,25.32,37.64,9.58,11.25,2
744,0.63,0.47,49.29,17.4,17.43,6.97,10.56,0,20.32,24.78,2
745,1.35,0.78,59,6.64,10.6,23.41,21.83,0,6.94,7.4,2
746,2.23,0.62,48.02,8.31,8,6,42.49,19.54,9.97,10.86,2
747,0.37,0.33,49.33,8.66,4.96,4.76,24.87,25.29,10.96,16.43,2
748,1.95,1.67,50.44,3.23,4.04,4.07,27.83,31.39,4.29,6.39,2
749,1.21,1.2,47.78,3.73,7.73,4.23,27.84,49.04,4.89,10.2,2
750,0.54,0.4,69.16,2.72,2.3,2.78,17.58,73.65,4.24,11.18,2
751,0.5,0.47,60.77,7.21,5.41,6.2,13.42,36.2,8.6,15.33,2
752,1.15,1.15,61.47,-4.78,-2.64,0.3,25.89,31.67,2.02,3.5,2
753,1.2,0.91,40.97,6.73,10.82,9.7,34.94,22.46,7.5,10.87,2
754,1.2,1.17,36.68,-0.6,-1.04,-16.69,15.04,4.76,-0.57,1.7,2
755,1.81,1.24,68.84,-0.04,-0.04,0.97,54.41,21.55,0.91,4.76,2
756,2.01,1.49,55.43,4.04,5.78,9.13,16.8,19.52,4.54,8.58,2
757,0.9,0.47,41.6,12.52,3.18,11.58,73.13,38.98,13.71,20.49,2
758,1.17,1.02,41.09,10.95,9.36,7.55,29.95,19.8,12.62,22.02,2
759,1.26,1.02,38.97,9.31,5.18,3.98,25.1,0,12.43,21.28,2
760,1.53,1.11,61.04,5.24,12.44,16.34,14.02,18.08,5.58,8.04,2
761,1.74,1.3,53.58,12.05,18.01,25.9,4.83,27.89,12.53,17.02,2
762,1.92,0.95,37,5.35,8.06,4.69,25.74,12.44,6.8,8.75,2
763,1.71,1.1,61.06,-2.03,-3.98,-8.34,39.02,20.99,-1.81,2.34,2
764,1.12,1.04,39.59,1.81,6.16,5.24,24.44,19.06,2.24,4.04,2
765,1.3,0.95,43.24,1.86,4.27,9.38,4.17,24.25,2.08,4.41,2
766,2.08,1.11,60.66,8.82,23.75,0,20.82,24.21,8.82,10.26,2
767,2,1.42,56.51,3.16,8.19,34.04,41.93,25,3.26,4.24,2
768,1.13,1.08,41.53,6.56,15.74,12.2,24.62,28.39,7.15,12.29,2
769,1.34,0.92,24.07,16.16,24.35,6.91,26.61,41.48,18.9,21.26,2
770,1.37,1.12,35,17.86,23.66,40.5,14.9,0,18.31,20.03,2
771,1.49,0.55,50.29,11.64,20.96,9.2,16.69,42.02,13.06,15.34,2
772,1.47,1.39,39.01,5.6,21.15,15,25.88,0,6.01,6.71,2
773,1.58,1.23,9.15,19.89,31.12,314,52.29,0,19.95,23.46,2
774,1.54,1.43,39.92,9.6,13.38,74.21,108.03,19.28,9.73,11.11,2
775,1.8,1.27,54.09,5.85,11.65,58.83,58.31,24.16,5.95,7.19,2
776,1.02,0.83,53.17,10.03,13.03,8.39,29.09,49.1,11.38,20.85,2
777,1.46,1.07,46.65,6.31,6.9,5.92,25.28,34.21,7.6,12.79,2
778,2.01,0.64,60.66,4.44,12.61,9.9,10.93,47.72,4.94,7.39,2
779,2.3,1.28,67.94,1.18,2.51,6.78,26.66,12.86,1.39,3.62,2
780,5,2.95,66.34,-0.22,-0.55,-10.01,0.01,0,-0.2,2.42,2
781,2.56,1.92,41.28,0.45,0.46,1.29,5.84,36.32,1.96,3.72,2
782,1.41,1.11,51.99,10.62,9.85,12.71,32.05,67.27,11.53,15.97,2
783,1.22,1.05,43.62,11.32,12.31,9.31,18.75,13.94,12.68,21.8,2
784,0.88,0.61,30.83,11.86,7.27,3.85,15.89,24.03,16.01,33.46,2
785,0.45,0.41,39.6,17.25,12.52,6.48,35.69,31.88,20.4,25.97,2
786,0.46,0.45,32.92,35.62,6.36,6.15,4.65,37.58,42.54,64.97,2
787,0.93,0.71,38.32,14.12,29.63,21.07,21.61,34.2,14.82,18.61,2
788,1.68,1.43,54.71,2.14,2.95,13.75,16.54,0,2.31,4.94,2
789,1.23,1.03,18.56,8.65,9.12,92.37,38.9,34.48,8.74,12.54,2
790,0.89,0.82,41.02,7.51,10.94,3.35,33.12,27.51,10.71,13.99,2
791,1.27,1.22,34.08,28.06,42.82,69.96,27.05,69.34,28.46,32.47,2
792,1.14,0.95,29.96,26.64,42.44,32.2,37.23,40,27.49,31.18,2
793,1.39,1.36,33.18,7.08,6.58,5.16,45.79,25.64,8.78,12.41,2
794,0.24,0.16,43.9,15.23,8.03,4.57,18.29,74.5,19.5,25.64,2
795,0.61,0.57,60.99,6.51,4.35,3.52,3.74,0,9.1,15.34,2
796,1.63,1.17,40.44,2.61,2.73,1.96,36.25,14.52,5.31,11.83,2
797,0.85,0.8,66.08,18.55,3.96,9.98,113.58,25.71,20.61,46.97,2
798,2.24,1.31,66.18,13.64,23.16,13.56,7.33,23.15,14.72,16.7,2
799,2.5,1.32,61.32,3.32,6.17,11.06,17.72,15.2,3.65,8,2
800,0.93,0.69,37.78,2.62,1.27,1.28,25.52,25.43,12.07,29.55,2
801,1.53,1.45,50.68,14.07,3.63,2.22,67.9,40.54,25.6,48.01,2
802,2.2,1.5,65.14,0.75,1.41,11.88,44.66,10.01,0.82,2.95,2
803,2.21,0.99,53.78,1.73,2.27,2.25,25.11,50.66,3.11,5.56,2
804,0.49,0.48,37.67,18.77,8.79,5.02,27.99,54.38,23.43,44.24,2
805,2.4,0.82,60.76,9.6,10.13,12.4,28.88,28.08,10.44,13.4,2
806,1.42,0.88,28.43,9.95,21.61,83.09,26.88,35.26,10.07,14.95,2
807,1.94,1.36,42.71,10.13,13.55,6.27,48.93,35.52,12.05,17.17,2
808,1.27,1.12,40.6,9.49,7.46,3.88,16.15,20.6,12.79,15.98,2
809,1.8,0.98,33.52,18.21,24.85,65.56,33.11,37.69,18.49,21.56,2
810,0.84,0.59,45.69,13.11,14.18,7.85,51.88,41.78,15.02,22.07,2
811,2.12,1.32,56.49,-9.06,-15.77,-24.83,35.99,10.71,-8.71,-6.52,3
812,1.17,0.53,50.09,0.94,1.5,2.58,21.77,6.55,1.53,5.79,3
813,1.02,1.02,85.97,0.17,0.07,1.18,9.15,0,1.12,13.91,3
814,2.23,2.23,8.62,4.23,5.71,12.37,30.86,0,4.6,8.47,3
815,1.07,0.95,24.7,-15.59,-15.26,0,27.56,0,-15.59,-8.27,3
816,1.39,1.28,24.58,11.6,10.45,27.22,9.2,31.01,12.05,13.03,3
817,1.77,1.74,67.73,4.77,2.69,2.58,11.4,89.09,7.78,18.98,3
818,1.14,0.28,13.3,11.69,12.52,7.33,22.37,18.57,13.53,14.05,3
819,1.16,0.88,39.51,3.75,5.83,3.18,52.3,31.34,5.47,8.88,3
820,2.56,1.59,6.8,-2.42,-2.55,0.19,57.01,18.31,0.58,5.67,3
821,2.55,1.6,5.62,-2.41,-2.52,0.2,57.01,18.31,0.59,5.68,3
822,0.91,0.88,34.27,-0.12,-0.09,0.98,58.08,14.18,5.63,16.95,3
823,2.44,1.87,3.9,-0.43,-0.41,0.85,0,17.88,2.38,5.43,3
824,1.52,1.4,37.73,1.18,1.22,1.77,79.4,13.45,2.7,5.32,3
825,0.87,0.69,18.98,2.71,4.18,2.02,65.67,31.43,5.36,8.77,3
826,0.8,0.75,22.03,4.41,8.09,7.74,34.5,20.4,5.06,8.95,3
827,0.91,0.89,20.86,7.6,5.13,3.07,50.68,24.15,11.27,14.32,3
828,0.49,0.42,18.81,11.17,4.22,3.46,61.4,0,15.7,22.57,3
829,1.27,1.26,23.46,0.99,10.72,0,1.31,3.32,0.99,1.48,3
830,1.61,1.09,45.9,7.33,3.22,2.6,40.14,57.64,11.9,19.33,3
831,1.12,0.85,26.45,1.92,2.76,2.18,13.8,11.76,3.55,5.41,3
832,1.03,0.7,21.06,0.67,2.26,2.47,7.2,0,1.12,2.54,3
833,1.03,0.82,28.87,0.75,1.95,1.87,52.59,16.46,1.61,2.67,3
834,1.11,0.8,10.33,1.67,6.91,2.14,11.21,12.99,3.14,3.85,3
835,1.33,1.05,20.29,1.66,3.6,3.67,72.73,17.88,2.28,4.94,3
836,1.42,0.68,32.83,5.11,7.92,4.17,40.87,53.36,6.72,8.36,3
837,1.33,1.33,7.54,0.08,0.58,1.39,19.88,10.18,0.3,0.68,3
838,0.62,0.59,22.03,23,14.46,4.85,21.96,0,28.98,34.71,3
839,0.86,0.78,32.28,-2.38,-3.1,-0.83,106.85,6.59,-1.08,2.21,3
840,1.02,0.55,35.73,0.36,1.49,1.74,18.39,14.47,0.84,1.44,3
841,0.85,0.67,26.28,4.07,6.62,3.35,39.63,37.54,5.81,9.53,3
842,0.63,0.56,22.87,2.16,1.09,1.25,46.15,21.96,10.85,32.92,3
843,1.43,1.13,40.06,2.02,1.24,1.33,53.59,39.7,8.18,27.23,3
844,1.01,0.95,17.39,3.01,1.66,1.37,14.62,0,11.08,21.58,3
845,0.57,0.39,24.3,5.42,9.11,3.43,70.14,13.32,7.65,12.16,3
846,0.44,0.42,56.02,29.19,11.75,6.87,14.16,49.71,34.16,37.9,3
847,1.47,0.87,36.51,4.62,14.65,10.89,36,28.77,5.09,7.71,3
848,1.41,0.33,32.24,-0.78,-3.43,-0.45,8.85,10.9,-0.24,0.5,3
849,1.19,1.16,5.57,2.35,2.82,1.57,18.41,-0.28,6.46,6.79,3
850,0.39,0.2,45.65,5.02,8.98,7.27,26.75,7.57,5.82,8.09,3
851,0.78,0.66,34.24,4.42,8.35,7.91,22.13,9.99,5.06,6.82,3
852,0.86,0.68,47.35,2.52,4.18,4.12,22.31,6.74,3.32,5.79,3
853,1.32,0.77,29.17,13.94,8.57,4.15,17.66,0,18.37,25.52,3
854,0.88,0.33,35.25,5.7,8.18,7.72,35.65,32.05,6.55,8.47,3
855,0.95,0.67,51.21,4.32,10.87,794.38,30.47,0,4.32,5.58,3
856,0.74,0.72,23.47,1.62,1.1,1.39,47.64,6.11,5.81,13.52,3
857,1.69,1.06,37.45,4.05,7.29,5.45,36.79,26.58,4.96,6.42,3
858,1.24,0.99,44,5.13,5.63,4.29,18.69,40,6.69,10.76,3
859,1.37,0.96,30.52,2.83,2.46,2.48,36.35,14.65,4.74,8.56,3
860,0.64,0.49,39.81,16.52,11.43,5.94,33.43,52.79,19.87,24.15,3
861,0.88,0.38,47,-0.29,-0.88,0.16,36.53,1.93,0.05,1.92,3
862,2.37,1.53,39.48,-18.75,-24.21,-11.71,36.08,0,-17.27,-4.41,3
863,0.75,0.62,38.3,-6.3,-5.05,-0.95,30.18,0,-3.06,1.86,3
864,0.83,0.73,8.81,8.64,12.05,6.42,9.7,0,10.23,10.65,3
865,0.93,0.85,26.64,9.31,3.36,2.34,41.91,0,16.26,24.28,3
866,0.88,0.7,33.6,13.96,13.46,9.28,43.54,48.78,15.65,18.02,3
867,1.18,0.56,10.2,16.85,12.56,6.05,19.52,0,20.18,22.54,3
868,0.9,0.71,44.62,3.08,4.13,3.1,7.64,18.62,4.55,9.83,3
869,0.98,0.98,9.41,5.22,13.23,6.79,5.36,26.02,6.12,8.01,3
870,1.02,0.85,28.21,2.35,4.1,2.85,49.83,25.3,3.62,6.79,3
871,0.73,0.6,26.65,12.34,23.43,9.06,61.33,27.11,13.87,17.64,3
872,1.52,0.83,35.18,1.88,2.5,2.2,72.59,29.23,3.44,4.47,3
873,0.99,0.96,13.46,3.89,8.39,21,92.79,40.42,4.08,6.82,3
874,0.85,0.58,11.22,9.32,19.51,9.87,67.85,36.91,10.37,12.21,3
875,1.25,0.78,42.03,3.47,8.54,6.6,35.39,21.14,4.09,5.78,3
876,1.21,0.92,32.06,8.31,14.86,7.99,72.96,18.9,9.49,10.64,3
877,0.81,0.81,25.65,-1.93,-3.37,-1.66,32.67,23.69,-1.2,0.75,3
878,1.42,0.59,50.01,1.52,4.67,5.57,46.08,9.44,1.85,2.19,3
879,0.72,0.65,20.33,1.77,2.42,1.62,57.65,41.38,4.64,14.89,3
880,0.99,0.88,23.34,1.45,2.79,1.89,34.38,45.99,3.08,4.67,3
881,4.77,4.31,83.97,-34.38,-16.77,-71.6,51.61,5.66,-33.91,-21.66,3
882,1.01,0.35,28.96,0.9,3.17,2.54,11.58,4.45,1.49,2.03,3
883,1.81,1.05,44.76,6.11,9.03,421.8,37.36,26.79,6.13,6.61,3
884,1.4,0.68,71.33,-3.06,-5.55,-12.89,16.67,21.44,-2.84,-1.33,3
885,1.18,1.05,37.47,4.7,10.94,9.49,12.03,0,5.25,11.07,3
886,0.5,0.5,18.17,9.47,15.48,4.09,2.77,42.42,12.53,14.62,3
887,1.15,0.83,15.33,4.1,11.57,3.5,45.03,27.63,5.74,6.04,3
888,1.6,1.54,34.82,2.33,8.15,6.82,27.16,0,2.73,5.59,3
889,0.93,0.88,8.66,-0.27,-0.22,0.96,4.93,43.58,6.77,21.82,3
890,1.22,0.66,44.63,3.34,2.84,1.64,0,51.27,8.54,17.07,3
891,0.54,0.16,37.41,0.82,1.55,1.4,9.45,74.43,2.87,9.33,3
892,0.26,0.15,17.39,8.71,6.37,2.1,31.1,61.92,16.62,22.13,3
893,1.33,0.93,29.55,8.45,22.95,78.6,59.56,22.32,8.56,9.66,3
894,0.84,0.45,4.16,12.82,44.19,19.88,7.13,45.8,13.5,15.19,3
895,0.95,0.95,17.72,6.32,8.74,4.69,7.92,19.1,8.04,16.99,3
896,0.49,0.47,37.37,4.34,2.42,1.83,0,30.44,9.55,15.15,3
897,0.7,0.65,30.39,2.85,2.77,1.72,21.49,11.28,6.81,24.95,3
898,1.17,0.86,45.83,2.36,7,84.24,31,0,2.39,3.94,3
899,1.35,1.01,31.84,2.49,6.36,5.71,35.17,15.63,3.03,3.67,3
900,0.79,0.75,33.45,4.82,10.27,11.51,70.39,0,5.28,13.24,3
901,1.14,0.94,28.3,3.13,4.39,2.31,25.83,34.14,5.53,8.76,3
902,0.89,0.79,13.17,7.21,5.61,4.25,45,39.88,9.43,16.72,3
903,1.37,0.76,40.67,0.12,0.41,1.08,17.11,11.43,1.61,1.85,3
904,1.44,0.72,27.03,4.11,11.41,6.36,34.85,40.44,4.87,6.57,3
905,1.19,1.16,42.68,3.57,8.44,6.76,20.8,0,4.19,7.09,3
906,1.52,0.94,46.86,-0.86,-1.23,-0.16,47.45,0,-0.12,1.78,3
907,1.03,0.72,29.42,13.43,9.77,4.83,21.58,0,16.94,19.87,3
908,1.12,0.97,33.71,9.78,4.28,2.75,41.91,0,15.37,23.39,3
909,1.32,0.78,36.42,-5.97,-7.56,-1.31,24.32,0,-3.38,0.21,3
910,1.18,0.67,45.34,8.5,14.89,123.89,21.15,36.89,8.57,10.28,3
911,1.57,1.31,42.58,-2.6,-5.88,-2.84,45.52,48.13,-1.92,-0.18,3
912,1.67,1.67,26.94,7.72,14.61,6.57,13.49,42.24,9.1,10.29,3
913,1.51,0.93,39.37,5.06,7.17,10.12,32.39,24.15,5.61,6.62,3
914,0.65,0.41,34.61,0.62,3.14,1.78,10.74,2.71,1.41,1.71,3
915,2.09,1.74,60.22,-6.85,-6.73,-5.6,36.89,16.24,-5.81,3.02,3
916,0.98,0.85,35.49,9.28,7.53,4.07,25.19,21.05,12.3,21.6,3
917,1.34,1.24,6.16,9.78,13.17,3.42,24.98,0,13.82,17.65,3
918,1.36,0.52,41.54,6.83,10.26,5.49,32.03,13.1,8.36,10.34,3
919,0.77,0.73,2.74,36.9,47.49,80.61,16.93,39.69,37.36,45,3
920,0.93,0.63,40.94,2.54,10.71,7.68,21.03,7.25,2.92,3.17,3
921,1.54,1.11,52.63,-1.4,-2.84,-5.34,47.13,21.34,-1.18,2.27,3
922,1.94,0.8,51.54,-2.1,-1.51,-0.09,22.64,53.53,-0.16,6.13,3
923,1.36,0.85,33.67,10.77,16.64,12.56,59.66,37.14,11.7,13.04,3
924,1.1,1.1,28.2,3.29,9.92,5.48,31.99,16.04,4.03,4.98,3
925,1.85,1.11,34.35,1.4,3.2,2.93,4.02,13.95,2.12,2.48,3
926,1.54,1.1,39.15,4.19,12.67,18.6,43.98,24.06,4.43,5.29,3
927,1.7,1.1,47.89,0.29,0.42,1.17,63.28,18.55,1.99,3.73,3
928,1.62,1.04,51.51,3.04,5.56,5.13,34.66,10.61,3.78,5.82,3
929,2.04,2.04,17.94,2.54,2.06,2.19,3.19,42.92,4.68,6.42,3
930,2.92,2.44,14.22,7.34,2.81,14.76,19.41,32.83,7.88,19.28,3
931,1.19,1.1,33.35,6.05,18.28,7.22,7.71,13.3,7.02,9.57,3
932,1.12,0.79,30.15,12.26,9.97,6.31,20.38,42.3,14.57,20.96,3
933,1.28,0.47,47.59,1.66,2.12,15.7,25.25,7.3,1.77,5.21,3
934,1.63,1.63,10.08,3.41,5.22,19.06,36.78,0,3.6,6.46,3
935,1.16,0.79,32.14,2.76,4.77,2.6,29.02,15.83,4.48,6.75,3
936,1.48,1.06,36.91,8.49,6.35,3.61,48.91,36.32,11.74,15.26,3
937,1.09,0.93,22.54,4.93,8.98,7.19,38.07,26.97,5.73,8.78,3
938,0.65,0.63,13.13,9.75,8.53,20.07,24.54,33.17,10.26,12.78,3
939,2.5,1.16,6.02,-2.19,-3.66,-3.55,42.58,24.03,-1.71,0.81,3
940,1.38,1.04,-3.07,3.87,4.29,11.67,34.03,12.73,4.23,9.28,3
941,2.13,1.51,21.21,-4.08,-8.7,-1.99,34.94,0,-2.71,-1.38,3
942,1.46,1.36,30.84,1.3,3.32,2.23,26.25,14.82,2.36,5.04,3
943,2.57,0.85,33.02,2.58,2.97,2.92,25.79,0,3.93,7.12,3
944,1.02,0.85,3.25,4.04,4.42,2.12,25.25,24.55,7.67,8.64,3
945,2.13,1.59,63.5,-44.03,-24.97,-8.14,34.58,22.19,-39.21,-34.47,3
946,1.25,0.89,8.97,3.76,11.35,7.75,46.84,34.77,4.32,4.43,3
947,0.79,0.76,23,0.4,0.43,1.13,39.72,14.35,3.55,9.91,3
948,0.73,0.73,41.8,-2.79,-4.46,-2.11,12.85,1.39,-1.9,-1.63,3
949,0.99,0.56,22.41,-1.91,-1.92,0.42,39.69,25.58,1.36,9.16,3
950,1.17,0.92,36.81,3.19,5.07,3.08,53.76,29.71,4.73,8.13,3
951,1.58,0.98,10.3,0.17,0.19,1.07,99.25,15.75,2.81,8.11,3
952,1.04,1.01,13.11,0.1,0.1,1.02,16.78,14.63,5.18,13.67,3
953,1.17,0.78,24.58,5.12,4.82,5.19,44.21,31.46,6.34,11.57,3
954,1.28,1.26,48.57,14.2,12.81,35.25,7.37,59.23,14.61,18.79,3
955,1.39,0.9,29.52,-0.41,-0.41,0.87,17.89,43.41,2.73,6.7,3
956,2.83,2.15,3.96,2.14,2.11,1.7,61.29,22.66,5.22,8.29,3
957,2.35,1.94,52.97,-14.65,-18.29,-95.13,45.85,19.43,-14.49,-12.89,3
958,1.2,0.97,42.22,6.52,2.63,3.83,88.57,0,8.82,12.42,3
959,0.98,0.92,25.65,9.35,7.33,3.09,50.88,28.19,13.83,17.28,3
960,1.13,0.71,21.07,1.99,5.83,4.56,47.19,7.58,2.55,3.05,3
961,1.23,0.94,3.5,5.95,7.21,2.38,35.99,0,10.26,14.4,3
962,1.14,0.88,-40.01,7.85,27.75,5.09,3.5,15.83,9.77,10.39,3
963,0.7,0.37,29.06,3.08,7.89,5.51,37.51,6.64,3.76,6.74,3
964,1.21,1.2,14.26,4.56,8.7,6.22,34.42,15.07,5.43,7.24,3
965,1.45,0.98,24.69,14.41,8.97,3.58,51.81,57.26,19.99,26.35,3
966,1.15,0.8,28.69,2.19,2.16,1.88,18.54,18.52,4.67,7.77,3
967,1.05,0.49,14.29,2.91,6.86,5.59,25.1,11.01,3.54,5.82,3
968,1.05,0.71,32.7,7.89,9.17,3.6,32.94,0,10.92,17.71,3
969,1.1,0.94,32.44,1.61,3.66,2.54,56.15,17.53,2.66,3.94,3
970,1.29,0.8,32.18,2.05,2.95,2.26,87.04,17.2,3.69,4.57,3
971,0.83,0.25,28.59,-0.6,-2.29,0.03,12.95,13.07,0.02,0.32,3
972,0.92,0.43,35.56,-1.37,-1.91,-0.59,45.92,0,-0.51,3.31,3
973,1.57,1.31,35.1,2.09,3.53,2.54,74.73,19.5,3.45,4.87,3
974,0.2,0.15,39.14,2.72,1.49,1.29,18.45,79.77,11.97,15.97,3
975,1.11,0.59,27.99,4.48,5.84,3.16,44.37,53.18,6.56,8.3,3
976,0.71,0.7,20.41,-2.39,-2.76,0.53,33.27,46.1,2.69,14.34,3
977,0.68,0.65,36.55,8.08,11.5,5.61,46.5,17.19,9.83,13.87,3
978,1.77,1.02,27.44,1.09,1.73,1.57,27.03,19.61,3.02,6.13,3
979,0.92,0.79,33.46,2.52,3.51,2.39,68.17,11.82,4.34,8.31,3
980,1.21,0.64,28.86,0.57,2.05,2.23,25.47,14.39,1.03,1.59,3
981,0.81,0.63,26.64,8.29,8.99,7.79,40.72,45.61,9.51,14.31,3
982,0.54,0.38,20.34,3.91,5.25,4.76,36.32,17.71,4.95,10.33,3
983,1.14,0.89,36.2,10.14,6.33,2.83,37.31,35.35,15.67,29.1,3
984,0.8,0.73,28.75,4.61,8.65,34.67,23.21,20.94,4.75,8.45,3
985,1.59,1.02,56.18,-1.32,-1.34,-0.94,43.46,19.63,-0.64,3.07,3
986,1.19,1.16,19.62,1.13,2.43,6.8,99.61,6.71,1.33,1.96,3
987,0.96,0.61,19.35,7.41,11.29,429.06,44.39,0,7.43,11.91,3
988,1.15,0.46,24.44,0.87,2.7,1.89,7.89,0,1.86,3.71,3
989,1.24,0.45,22.16,1.04,2.67,3.21,56.77,31.35,1.51,2.8,3
990,0.74,0.24,40.39,1.04,2.92,2.88,37.07,5.02,1.59,3.3,3
991,1.45,0.98,24.73,0.4,1.09,1.46,38.69,25.14,1.28,4.16,3
992,0.87,0.72,34.37,15.38,23.11,0,29.57,28.37,15.38,17.63,3
993,1.25,0.84,31.75,2.92,4.6,2.25,21.57,17.95,5.26,10.18,3
994,0.97,0.31,28.57,0.71,3.71,2.28,22.17,18.21,1.26,1.77,3
995,1.03,1.01,5.54,7.57,7.1,3.55,26.94,1.28,10.55,11.38,3
996,0.77,0.62,37.54,5.28,11.66,9.09,20.08,10.83,5.94,7.69,3
997,0.76,0.55,44.94,3.13,4.82,8.07,25.73,6.58,3.57,6.16,3
998,1.55,0.97,29.7,15.11,8.45,4.51,18.35,0,19.42,25.07,3
999,0.94,0.42,36.99,6.67,10.22,10.81,36.01,33.41,7.35,9.1,3
1000,0.73,0.35,55.49,-0.45,-0.91,-60.35,42.26,0,-0.44,0.69,3
1001,0.43,0.17,44.77,3.08,5.15,4.08,33.38,21.07,4.08,6.59,3
1002,0.77,0.75,23.29,0.06,0.04,1.01,47.32,2.92,4.05,11.3,3
1003,1.67,1,40.49,4.72,9.35,5.92,35.89,0,5.68,7.05,3
1004,1.31,1,50.58,2.37,7.62,26.77,19.64,4.32,2.47,3.32,3
1005,1.37,0.93,29.41,7.59,5.33,6.71,50.63,20.17,8.92,11.24,3
1006,1.16,0.59,41.5,-0.28,-0.85,0.34,30.97,0.92,0.14,2.12,3
1007,1.15,1.15,33.63,4.1,6.43,10.55,46.28,0,4.53,6.48,3
1008,1.58,1.22,26.11,8.85,8.3,3.74,85.78,0,12.08,14.6,3
1009,0.91,0.82,16.74,8.67,12.65,9.83,8.91,0,9.65,10.01,3
1010,1.28,1.2,20.56,3.3,6.36,13.5,88.25,7.74,3.56,4.39,3
1011,1.38,0.72,6.95,15.99,15.33,5.03,19.23,0,19.96,22.02,3
1012,0.93,0.74,40.99,-1.32,-1.6,0.21,32.95,15.55,0.35,5.35,3
1013,1.03,0.97,15.93,3.15,12.34,20.76,30.97,38.78,3.31,4.78,3
1014,0.97,0.92,17.23,4.93,11.5,29.57,77.8,42.24,5.1,7.29,3
1015,0.96,0.74,10.36,8.24,20.8,8.98,46.52,30.77,9.27,10.36,3
1016,1.09,0.73,35.55,3.05,7.99,5.22,42.98,20.99,3.77,5.47,3
1017,1.34,1.08,22.63,7.92,14.24,7.22,73.97,18.32,9.2,10.45,3
1018,1.25,1.24,41.89,0.44,0.34,1.14,0,12,3.49,11.5,3
1019,2.2,0.75,35.62,8.64,15.68,44.2,19.33,30.15,8.84,9.71,3
1020,1.09,0.96,24.7,0.36,0.64,1.19,24.36,49.56,2.26,4.41,3
1021,1.74,1.13,43.04,2.04,2.64,6.75,41.77,0,2.39,3.18,3
1022,1.11,1,36.91,3.63,7.84,5.51,15.56,0,4.43,11.01,3
1023,0.94,0.94,9.46,0.13,0.09,1.01,7.43,45.41,9.13,24,3
1024,1.24,0.58,46.35,0.09,0.08,1.01,29.3,51.7,6.1,15.28,3
1025,0.44,0.17,35.29,-0.78,-1.32,0.36,15.03,71.97,0.43,5.84,3
1026,1.22,1.14,23.72,13.42,18.45,38.07,16.01,35.94,13.79,14.61,3
1027,0.76,0.36,26.44,0.83,8.35,3.12,9.28,7.81,1.22,1.38,3
1028,0.85,0.85,17.46,2.99,4.19,2.81,3.34,19.48,4.63,15.13,3
1029,0.64,0.63,48.57,9.53,5.26,3.36,0,34.8,13.57,19.81,3
1030,1.23,0.9,24.4,0.55,1.97,1.94,9.2,6.75,1.14,1.96,3
1031,0.98,0.65,27.07,4.24,4.96,3.39,34.82,33.79,6.02,12.16,3
1032,0.96,0.86,42.38,-1.19,-0.94,0.6,3.12,42.49,1.76,9.13,3
1033,0.66,0.63,26.94,-1.06,-1.1,0.73,22.22,8.55,2.92,20.62,3
1034,1.04,0.81,51.58,5.63,12.96,12.51,37.52,16.49,6.12,7.9,3
1035,1.35,1.03,31.88,3.9,9.24,15.42,48.15,17.87,4.17,4.96,3
1036,0.99,0.94,33.38,5.52,9.41,8.13,60.75,0,6.3,15.14,3
1037,1.27,0.92,27.17,1.53,2.04,1.75,29.95,0,3.57,7.48,3
1038,1.51,0.89,43.46,-4.02,-13.75,-2.06,14.5,11.46,-2.7,-2.32,3
1039,1.1,1.07,40.78,3.9,10.06,12.89,15.96,0,4.23,7.74,3
1040,1.3,0.76,31.04,9.64,23.3,41.38,35.32,24.28,9.88,11.01,3
1041,0.99,0.65,29.2,12.22,8.99,4.09,20.05,0,16.18,19.09,3
1042,1.56,1.15,21.57,2.75,2.89,2.03,25.56,25.22,5.42,12.3,3
1043,1.52,1.04,17.51,4.49,6.48,3.21,41.31,0,6.53,10.15,3
1044,1.92,1.62,38.75,-3.2,-2.19,-0.11,52.74,0,-0.3,4.21,3
1045,1.21,0.72,24.83,2.11,1.94,1.81,33.05,23.51,4.71,11.04,3
1046,1.69,1.42,39.7,2.28,5.09,4.61,55.56,52.92,2.91,4.71,3
1047,2.05,0.15,62.74,2.62,2.88,1.43,11.78,18.51,8.67,15.54,3
1048,1.16,0.98,40.15,2.16,4.38,3.38,59.83,40.94,3.06,9.1,3
1049,1.78,1.78,23.92,1.07,2.02,1.88,24.64,32.22,2.29,3.42,3
1050,1.55,0.91,36.42,5.07,7.54,8.95,37.75,21.04,5.71,6.59,3
1051,0.56,0.32,29.57,1.28,5.03,2.14,16.91,2.96,2.4,2.68,3
1052,2.11,1.73,62.23,-18.81,-17.26,-21.65,24.26,18.62,-17.98,-6.15,3
1053,1.43,1.3,-3.13,5.89,7.65,2.28,22.75,0,10.48,14.59,3
1054,1.04,0.44,37.53,1.1,4.36,2.66,18.33,9.51,1.76,2.1,3
1055,1.46,1.36,33.32,3.31,14.22,11.51,12.15,23.87,3.63,4.8,3
1056,1.65,1.45,36.79,5.56,5.77,6.56,46.88,33.62,6.56,10.98,3
1057,2.11,1.32,49.59,1.29,2.2,2.19,15.55,0,2.37,3.93,3
1058,1.36,0.8,34.58,12.1,20.86,14.27,59.69,37.18,13.02,14.51,3
1059,0.93,0.91,33.44,1.36,1.87,1.97,32.99,10.08,2.76,8.59,3
1060,1.03,1.03,24.59,2.88,7.4,3.68,36.55,15.97,3.96,5.29,3
1061,1.76,1.04,31.61,3.34,7.58,5.02,4.41,15.03,4.17,4.59,3
1062,0.61,0.58,27.32,0.99,0.16,1.07,0,14.51,14.43,15.05,3
1063,1.54,1.06,35.7,5.36,14.26,17.22,39.51,23.85,5.69,6.82,3
1064,1.24,0.89,32.59,1.55,3.04,4.51,10.93,12.35,1.99,4.61,3
1065,1.55,1.02,41.94,-1.76,-2.28,-0.04,45.98,17.18,-0.06,0,3
1066,0.9,0.65,32.33,7.48,26.67,10.12,7.3,0,8.3,9.92,3
1067,0.96,0.84,33.18,6.95,12.44,0,17.37,43.2,6.95,9.27,3
1068,1.26,0.89,35.37,0.27,0.53,1.17,36.51,35.61,1.89,3.6,3
1069,1.35,1.35,23.54,4.06,3.28,3.91,4.92,44.48,5.46,6.88,3
1070,1.17,1.1,17.45,6.48,15.52,6.6,9.44,13.51,7.64,11.36,3
1071,0.58,0.56,-36.75,6.09,7.59,2.93,23.04,34.93,9.25,11.74,4
1072,1.81,1.7,26.03,-14.9,-12.06,-3.87,14.16,14.13,-11.83,-4.61,4
1073,0.94,0.94,37.31,-0.93,-0.72,0.64,27.05,23.82,1.61,11.24,4
1074,0.99,0.56,8.09,4.64,7.17,6.96,43.92,27.54,5.42,10.14,4
1075,1.34,1.23,17.8,0.74,2.1,5.14,0,4.18,0.92,1.17,4
1076,1.66,0.59,37.43,6.76,6.95,2.97,19.54,16.71,10.2,11.5,4
1077,1.84,1.44,-3.99,-8.27,-8,0.15,48.17,25.43,1.5,6.58,4
1078,0.85,0.36,12.16,-1.45,-4.1,-46.23,37.06,31.91,-1.42,0.07,4
1079,2.48,1.52,24.98,-6.43,-6.34,-0.69,45.47,0,-2.61,2.22,4
1080,1.59,1.15,25.99,-10.58,-12.71,-2.21,35.21,33.17,-7.27,-2.25,4
1081,0.92,0.86,9.99,-10.33,-17.74,-5.54,35.95,23.26,-8.75,-4.03,4
1082,0.47,0.37,2.35,3.39,3.27,3.51,24.69,28.55,4.74,11.15,4
1083,1.08,1.06,12.32,-9.82,-8.88,-14.72,43.11,-5.83,-9.2,-3.02,4
1084,0.71,0.7,15.53,10.68,8.14,103.27,14.6,59.34,10.78,12.3,4
1085,1.64,1.57,46.81,-6.83,-6.96,-0.96,11.73,41.5,-3.34,7.14,4
1086,2.46,1.77,4.08,-0.95,-0.59,0.91,40.87,18.46,9.72,15.27,4
1087,2.68,1.3,4.68,-1.47,-2.73,-2.58,29.09,28.76,-1.06,1.18,4
1088,1.14,0.75,4.2,1.32,1.94,1.61,29.19,0,3.47,7.53,4
1089,0.94,0.29,15.94,0.03,0.11,1.02,11.6,12.88,1.16,1.87,4
1090,0.66,0.51,-7.54,-8.8,-6.82,0.05,46.49,4.75,0.45,6.89,4
1091,1.33,1.23,20.05,-4.65,-14.3,-3.26,26.17,10.89,-3.56,-0.09,4
1092,1.71,1,13.73,-22.54,-35.96,-14.36,32.61,0,-21.07,-18.11,4
1093,1.92,1.38,57.27,-4.89,-2.72,-1.86,33.35,15.98,-3.18,1.78,4
1094,1.07,0.76,4.85,-0.93,-2.67,-0.32,59.76,27.8,-0.23,0.49,4
1095,0.77,0.73,18.85,-1.36,-1.55,0.67,30.08,11.38,2.7,10.5,4
1096,1.52,0.89,-31.25,-2.65,-10.72,-3.39,8.49,7.99,-2.05,-1.11,4
1097,1.53,0.49,-14.64,-3.7,-20.26,-0.8,2.2,10.39,-1.64,-1.42,4
1098,0.88,0.52,25.42,6.47,14.91,10.85,57.87,10.75,7.12,9.5,4
1099,0.5,0.46,10.33,-2.53,-2.57,0.49,10.44,5.44,2.42,7.93,4
1100,1.09,0.66,19.16,0.62,0.58,2.43,50.88,24.29,1.05,6.94,4
1101,1.08,0.62,21.2,-5.12,-9.38,-6.49,61.79,0,-4.44,-3.41,4
1102,0.71,0.58,13.39,-6.82,-15.74,-2.58,34.03,18.92,-4.92,-2.97,4
1103,1.06,0.85,14.19,-3.96,-7.82,-1.87,51.29,2.83,-2.58,0.76,4
1104,1.46,0.84,19.32,-2.53,-5.29,-2.48,12.31,44.11,-1.8,-1,4
1105,0.38,0.35,5.09,1.29,6,2.54,19.05,19.91,2.13,5.05,4
1106,0.89,0.73,-4.29,-4.63,-3.37,0.18,62.28,12.94,1.02,6.58,4
1107,0.64,0.34,-29.3,0.22,0.23,1.07,49.76,39.55,3.46,7.31,4
1108,0.45,0.37,7.13,-7.22,-10.54,-1.38,31.7,66.22,-4.18,2.65,4
1109,1.97,1.37,35.54,-12.89,-11.43,-97.56,49.4,12.57,-12.76,-11.03,4
1110,0.93,0.59,14.45,-5.73,-10.2,-2.27,66.89,25.56,-3.97,-2.6,4
1111,0.71,0.52,14.14,5.72,4.71,3.61,41.32,46.99,7.92,12.03,4
1112,0.88,0.82,37.43,2.62,4.01,6,67.38,19.61,3.14,3.65,4
1113,0.97,0.76,41.12,1.86,1.03,1.68,58.2,0,4.58,11.21,4
1114,1.16,0.73,23.85,1.94,4.78,4.12,49.59,8.29,2.57,3.07,4
1115,0.92,0.66,10.28,1.91,1.87,1.58,48.32,29.05,5.2,9.82,4
1116,1.07,0.83,-3.06,-1.13,-1.24,0.7,43.2,31.16,2.67,6.13,4
1117,0.91,0.9,8.38,1.26,4.74,6.6,61.14,6.7,1.48,1.82,4
1118,1.39,0.99,-34.22,7.63,21.16,4.51,5.22,15.97,9.81,10.64,4
1119,0.72,0.26,23.94,-2.31,-7.27,-2.02,32.77,2.56,-1.55,0.53,4
1120,1.2,1.18,12.75,5.35,8.05,6.92,42.76,15.08,6.26,8.47,4
1121,1.09,0.57,3.59,-4.86,-11.18,-8.94,22.32,4.32,-4.37,-2.73,4
1122,1.61,1.17,15.9,2.2,1.44,1.58,44.39,0,6.01,12.53,4
1123,0.99,0.67,5.29,4.22,5.16,13.08,24.31,0,4.57,7.17,4
1124,0.57,0.53,14.06,-0.43,-1.05,0.24,23.78,22.86,0.13,3.01,4
1125,0.91,0.83,11.98,4.01,7.22,24.5,51.59,9.74,4.18,5.68,4
1126,1.23,0.79,28.67,0,0.01,1,67.24,13.44,1.23,1.98,4
1127,0.74,0.29,25.11,-1.4,-6.04,-0.66,11.88,13.71,-0.56,-0.4,4
1128,1.5,1,9.07,-5.2,-8.69,-1.06,59.22,28.74,-2.67,-0.51,4
1129,0.83,0.43,29.89,0.31,0.44,1.52,34.64,0,0.9,7.4,4
1130,1.09,0.56,9.77,0.91,1.62,1.43,63.44,30.73,3.03,3.71,4
1131,1.12,0.29,17.59,0.23,0.75,1.44,5.65,14.91,0.76,1.18,4
1132,0.96,0.6,17.15,0.86,1.96,4.18,74.74,14.86,1.13,3,4
1133,0.24,0.21,27.54,-7.6,-4.1,-0.06,15.52,71.84,-0.38,3.84,4
1134,0.94,0.87,16.68,0.3,0.79,1.17,37.54,27.56,2.13,5.05,4
1135,0.97,0.77,7.96,-0.96,-5.24,-0.29,37.6,22.66,-0.22,0.98,4
1136,0.66,0.63,9.92,-6.83,-5.97,-0.16,49.25,44.09,-0.9,10.96,4
1137,0.79,0.52,10.38,0.9,5.29,32.73,43.66,5.26,0.93,1.34,4
1138,0.91,0.88,10.05,3.25,13.39,10.33,48.33,9.12,3.59,4.57,4
1139,0.51,0.5,10.55,6.38,9.26,10.12,49.47,15.03,7.07,11.14,4
1140,1.64,0.75,22.13,-6.12,-11.15,-2.03,23.13,15.88,-4.1,-1.53,4
1141,0.64,0.27,25.47,0.39,0.36,1.11,26.42,16.06,4.1,9.27,4
1142,0.89,0.39,17.01,0.35,1.23,1.3,19.81,8.66,1.55,2.11,4
1143,0.8,0.25,10.22,0.25,0.74,1.24,19.87,6.56,1.28,1.85,4
1144,1.13,0.59,13.02,1.17,1.67,1.93,25.5,14.14,2.42,2.88,4
1145,0.72,0.26,34.73,3.06,3.37,3.59,72.33,47.36,4.23,7.7,4
1146,1,0.72,7.33,5.79,4.99,2.46,41.15,58.37,9.75,12.61,4
1147,0.7,0.67,5.6,0.38,1.02,4.56,52.92,24.18,0.48,3.33,4
1148,1.15,0.88,14.05,2.47,10.66,64.72,65.21,7.22,2.51,2.62,4
1149,1.06,0.7,19.17,2.3,5.6,52.94,64.53,7.4,2.35,2.73,4
1150,0.98,0.9,0.74,0.09,0.18,1.04,16.76,7.52,2.55,3.89,4
1151,0.28,0.19,13.44,3.65,5.13,2.43,35.3,18.23,6.19,10.95,4
1152,0.53,0.33,0.56,-1.31,-4.12,0.07,15.47,0,0.09,2.38,4
1153,0.66,0.59,16.22,3.13,5.45,4.53,24.94,21.33,4.02,7.82,4
1154,0.71,0.5,26.25,-2.43,-2.28,0.19,34.06,32.46,0.57,7.09,4
1155,1.22,0.81,45.02,-5.78,-6.82,-6.17,33.68,20.96,-4.98,2.19,4
1156,0.99,0.97,3.76,-7.03,-19.4,-66.58,97.66,-1.95,-6.93,-5.15,4
1157,1.34,0.45,25.78,0.11,0.56,1.14,6.66,9.77,0.91,1.09,4
1158,1.17,1.03,31.66,-1.67,-2.11,-5.23,31.28,16.34,-1.4,1.36,4
1159,0.48,0.31,9.97,-1.31,-1.02,0.82,11.53,29.14,5.86,11.66,4
1160,0.91,0.9,11.8,0.79,1.69,2.12,113.45,29.8,1.49,2.58,4
1161,0.94,0.67,14.95,-4.15,-5.05,-38.47,34.35,36.47,-4.04,0.87,4
1162,1.08,0.31,19.19,1.07,5.16,2.88,21.51,16.15,1.64,2.24,4
1163,1.25,0.46,21.1,-1.29,-3.67,-0.11,9.14,0,-0.12,1.69,4
1164,1.22,0.41,19.39,1.82,4.59,5.01,61.6,30.33,2.27,3.65,4
1165,0.53,0.17,37.67,-0.26,-0.77,0.66,26.75,4.43,0.47,2.93,4
1166,1.25,0.79,3.59,0.37,1.98,1.55,32.93,14.74,1.05,1.45,4
1167,1.24,0.7,19.92,0.46,1.87,2.04,41.14,12.08,0.91,1.36,4
1168,1.11,0.93,13.2,2.54,6.27,5.53,78.83,23.04,3.1,3.62,4
1169,1.09,0.67,26.19,-5.19,-8.39,-0.8,26.09,9.92,-2.29,3.78,4
1170,0.93,0.22,27.76,0.13,0.52,1.19,26.76,18.34,0.79,1.53,4
1171,1.08,1.05,11.3,0.56,2.09,8.89,81.5,6.1,0.63,1.23,4
1172,1.11,0.81,14.41,4.64,5.16,3.59,91.82,17.18,6.44,9.37,4
1173,0.74,0.53,23.67,-1.83,-2.52,0.44,29.56,25.4,1.41,7.35,4
1174,1.2,1.14,15.39,2.56,4.2,3.97,87.37,9.22,3.42,4.54,4
1175,1.03,0.64,10.24,0.68,4.15,11.53,29.37,3.73,0.74,0.99,4
1176,1.36,0.88,26.73,-2.27,-3.48,0.13,20.99,35.54,0.35,4.14,4
1177,1.31,0.15,26.34,3.05,3.14,19.93,24.85,27.17,3.21,4.33,4
1178,0.72,0.38,26.11,0.36,3.58,2.09,10.18,6.81,0.69,1.15,4
1179,1.34,1.3,6.97,-2.31,-3.13,0.33,30.63,16.49,1.12,6.21,4
1180,0.85,0.39,39.37,-7.85,-15.01,-6.1,14.92,-2.93,-6.75,-1.87,4
1181,1.22,0.91,24.04,0.52,2.23,2.49,8.74,5.21,0.86,1.49,4
1182,1.12,0.79,6.33,0.36,1.07,1.35,8.63,1.81,1.39,1.43,4
1183,0.61,0.44,12.32,-0.65,-0.47,0.92,12.58,28.39,6.96,11.75,4
1184,1.08,0.63,16.35,4.82,5.74,2.95,35.31,39.52,7.28,9.02,4
1185,0.61,0.59,-33.63,10.45,11.52,5.2,20.1,35.06,12.93,15.4,4
1186,1.46,1.34,21.47,-6.43,-6.73,-1.49,14.61,38.4,-3.85,4.72,4
1187,0.72,0.48,5.33,-3.95,-3.19,-6.97,105.4,0,-3.46,0.09,4
1188,0.7,0.58,11.57,-4.37,-2.67,0.19,46.25,28.79,1.04,4.19,4
1189,0.17,0.16,-10.79,3.92,4.68,1.64,37.86,69.78,10.05,20.53,4
1190,0.98,0.34,16.09,4.67,10.58,5.54,56.58,28.57,5.69,7.84,4
1191,1.09,0.82,14.91,6.42,1.42,3.08,35.01,0,9.51,17.76,4
1192,1.25,1.21,14.39,1.04,2.58,6,0,6.07,1.24,1.41,4
1193,1.45,0.53,35.83,9.57,3.81,6.55,77.91,14.48,11.29,14.34,4
1194,0.5,0.39,-4.61,-2.89,-1.91,0.64,13.47,0,5.17,11.82,4
1195,3.34,2.79,3.64,-4.68,-2.03,0.22,87.3,28.79,1.34,6.21,4
1196,0.98,0.45,17.46,0.31,0.86,13.74,34.89,33.91,0.33,1.63,4
1197,2.07,1.46,23.45,-0.57,-0.28,0.87,108.99,0,3.86,7.82,4
1198,0.61,0.48,0.75,5.55,5.7,8.59,47.26,11.77,6.28,9.85,4
1199,1.1,1.1,16.4,-1.05,-0.82,-0.35,66.54,2.3,-0.27,1.16,4
1200,1.41,0.18,22.85,0.05,1.46,1.42,0.82,0.99,0.16,0.17,4
1201,1.12,0.67,2.45,0.82,1.1,1.32,29.5,0,3.42,8.23,4
1202,0.99,0.27,13.55,1.5,5.03,2.4,10.84,13.92,2.58,3.25,4
1203,0.92,0.69,28.82,4.19,2.5,1.68,30.76,62.21,10.33,17.73,4
1204,0.26,0.22,41.93,-5.9,-3.33,-0.92,18.87,0,-2.81,16.12,4
1205,1.42,0.33,-0.04,0.38,1.27,1.23,2.43,9.93,2.02,2.24,4
1206,0.77,0.57,15.25,-7.27,-8.14,-1.88,43.19,21.02,-4.74,0.79,4
1207,1.58,0.99,8.07,0.17,0.19,1.06,99.25,15.75,2.8,8.11,4
1208,0.83,0.6,22.92,-2.96,-6.13,-1.32,51.39,4.24,-1.69,2.02,4
1209,0.58,0.44,34.47,1.69,1.65,2.45,80.77,17.74,2.86,10.97,4
1210,2.22,1.69,-68.83,-3.1,-3.64,0.69,54.26,24.32,6.98,11.11,4
1211,1.58,1.04,36.93,5.45,10.98,177.44,73.31,0,5.48,6.13,4
1212,0.93,0.77,21.56,-2.18,-5.72,-0.44,24.26,15.71,-0.66,1.28,4
1213,0.74,0.6,23.9,-2.19,-3.49,-0.54,75.67,4.78,-0.76,1.71,4
1214,0.5,0.48,-0.9,0.05,0.19,1.08,20.11,20.87,0.65,3.35,4
1215,0.94,0.71,-1.13,-0.1,-0.08,0.98,44.65,13.14,5.23,10.17,4
1216,0.83,0.78,32.54,-7.61,-3.61,-1.26,74.23,21.27,-4.23,7.97,4
1217,0.49,0.43,13.78,2.17,3.1,1.82,52.92,18.72,4.83,12.8,4
1218,1.51,1.2,-2.18,-1.48,-1.38,0.83,32.94,25.04,7.32,15.49,4
1219,1.18,0.9,-17.35,-0.98,-2.92,0.43,47.04,33.07,0.73,2.48,4
1220,0.5,0.45,18.46,-2,-2.74,-0.21,40.96,63.67,-0.34,5.59,4
1221,1.22,0.66,15.77,-21.29,-32.76,-11.12,45.75,31.2,-19.53,-16.57,4
1222,0.88,0.67,17.83,0.9,1.24,1.27,53.08,28.61,4.22,8.61,4
1223,0.91,0.69,-2.19,12.59,16.58,3.44,49.77,45.03,17.76,19.86,4
1224,1.06,0.66,22.71,-0.16,-0.25,0.9,57.21,30.41,1.39,2.93,4
1225,0.88,0.83,9.92,2.73,7.97,6.58,51.36,19.85,3.22,3.67,4
1226,0.84,0.8,20.59,3.71,5.71,4.83,27.36,22.82,4.68,8.56,4
1227,0.93,0.69,14.16,0.73,0.91,1.29,40.32,29.22,3.22,7.57,4
1228,0.94,0.93,8.04,1.4,5.57,10.48,62.19,5.88,1.55,1.76,4
1229,1.53,1.37,-34.5,-0.19,-0.15,0.98,29.3,28.03,11.52,43.28,4
1230,1.1,0.62,4.43,1,1.24,1.56,21.87,0,2.78,4.97,4
1231,0.62,0.59,18.54,2.11,4.68,7.45,26.49,24.21,2.43,4.67,4
1232,1.03,0.65,23.28,-0.26,-0.76,0.39,8.57,0,0.16,1.9,4
1233,1,0.91,7.33,-14.55,-34.24,-16.42,0,10.55,-13.71,-12.23,4
1234,0.99,0.87,20.61,-4.88,-6.5,-1.63,57.57,13.95,-3.02,3.88,4
1235,1.24,0.59,13.92,1.09,1.47,1.35,61.06,34.6,4.17,6.84,4
1236,0.98,0.45,-0.09,-1.34,-2.89,0.38,48.22,29.38,0.83,1.49,4
1237,1.5,0.2,17.32,1.06,3.79,4.79,6.48,15.17,1.33,1.58,4
1238,0.84,0.55,16.14,-1.32,-4.44,-4.23,46.96,9.68,-1.07,0.25,4
1239,0.92,0.89,15.05,1.87,5.01,2.87,34.75,26.69,2.87,5.95,4
1240,1.04,0.87,14.27,1.14,5.3,2.37,41.96,22.16,1.98,2.98,4
1241,1.11,0.53,-8.84,0.74,2.49,11.76,51.84,25.41,0.81,0.94,4
1242,0.79,0.54,11.02,0.43,2.76,8.91,40.02,3.29,0.49,0.82,4
1243,0.58,0.28,26.32,1.57,1.59,1.51,30.42,17.39,4.62,12.07,4
1244,0.96,0.44,18.82,0.66,2.58,1.63,17.13,8.29,1.7,1.86,4
1245,0.75,0.31,9.79,0.23,0.64,1.39,46.92,7.06,0.81,1.76,4
1246,1.17,0.58,13.02,0.6,1.4,1.37,7.72,15.43,2.22,2.64,4
1247,0.82,0.27,41.21,4.87,6.27,7.39,51.96,48.01,5.63,9.25,4
1248,0.69,0.66,8.45,0.41,1.11,1.71,51.25,23.24,0.99,4.36,4
1249,1.11,0.91,12.25,1.15,3.41,21.43,99.76,8.72,1.21,1.48,4
1250,1.06,0.94,1.63,2.65,4.97,1.9,27.08,8.72,5.6,7.15,4
1251,0.53,0.36,2.68,-4.59,-14.15,-2.18,23.49,0,-3.14,-0.07,4
1252,0.7,0.49,27.53,1.71,1.11,1.45,37.4,33.5,5.54,12.56,4
1253,1.25,0.39,23.53,0.36,1.58,1.43,10.84,10.66,1.21,1.39,4
1254,0.89,0.59,17.08,11.96,8.8,2.44,12.36,24.42,20.25,23.24,4
1255,0.65,0.52,20.94,4.24,8.06,2.85,60.41,12.1,6.53,11.18,4
1256,0.94,0.93,12.34,1.75,3.95,2.42,119.27,29.69,2.99,3.95,4
1257,1.08,0.26,19.36,1.35,7.13,3.71,21.02,15.07,1.85,2.38,4
1258,1.17,0.71,7.04,0.15,0.56,1.24,68.17,15.66,0.79,1.33,4
1259,1.24,0.7,19.92,0.46,1.87,2.04,41.14,12.08,0.91,1.36,4
1260,1.03,0.86,9.37,-0.12,-0.29,0.82,75.43,21.8,0.5,1.11,4
1261,1.06,1.01,8.72,1,3.26,13.41,72.48,6.47,1.08,1.67,4
1262,1,0.79,8.88,2.88,3.63,2.13,81.08,16.94,5.42,10.36,4
1263,0.75,0.55,20.69,2.29,3.14,1.63,26.96,30.72,5.91,12.21,4
1264,1.5,0.31,31.59,-0.66,-2.53,-0.18,8.76,12.01,-0.11,3.17,4
1265,0.99,0.79,29.3,1.72,1.63,1.84,38.68,48.86,3.76,0,4
1266,1.03,0.48,7.34,0.79,3.14,9.91,78.98,4.1,0.88,1.19,4
1267,0.96,0.84,24.43,1.73,2.91,2.37,46.26,21.82,3,0,4
1268,0.87,0.69,16.04,0.25,0.33,1.12,69.26,22.43,2.37,6.34,4
1269,1.42,0.81,30.15,0.8,1.24,1.71,40.44,24.34,1.93,2.98,4
1270,0.67,0.67,29.71,-4.88,-8.4,-6.85,27.49,21.79,-4.25,-2.81,4
1271,0.72,0.65,17.04,1.14,1.48,1.37,62.23,40.97,4.19,8.73,4
1272,0.96,0.18,24.74,0.81,2.47,2.22,8.76,3.85,1.48,2.15,4
1273,0.98,0.7,6.7,4.2,11.35,3.54,54.82,29.52,5.86,7.02,4
1274,1.09,0.81,12.3,2.12,5.48,16.29,89.66,16.56,2.26,3.05,4
1275,0.11,0.05,15.77,1.73,0.71,1.16,53.1,81.02,12.63,17.56,4
1276,0.83,0.43,3.73,5.28,16.3,4.37,8.81,41.31,6.85,9.13,4
1277,0.97,0.97,-0.98,-6.17,-6.41,-0.6,27.61,17.2,-2.29,7.7,4
1278,1.15,0.88,14.12,0.32,1.93,1.83,4.01,1.08,0.71,0.73,4
1279,1,0.72,19.36,14.27,9.71,2.58,13.2,23.15,23.3,26.38,4
1280,0.99,0.94,32.68,-7.63,-8.95,-0.66,1.32,33.42,-3.01,4.38,4
1281,0.87,0.26,42.8,-9.46,-16.33,-2.93,21.12,1.82,-7.05,-4.96,4
1282,0.55,0.5,24.34,11.53,3.35,2.14,39.6,28.08,21.69,48.63,4
1283,1.28,1.27,29.27,13.47,13.79,4.05,46.46,11.37,17.88,0,4
1284,2.37,1.96,11.76,6.44,2.41,9.89,15.61,46,7.17,18.87,4
1285,0.81,0.59,-0.2,-3.54,-8.04,-3.41,75.12,18.5,-2.74,-1.11,4
1286,0.73,0.55,-0.41,-7.58,-5.17,-158.04,72.99,0,-7.53,-3.31,5
1287,0.9,0.66,32.28,-7.91,-11.14,-3.01,26.09,27.46,-5.94,-2.57,5
1288,0.56,0.42,4.61,-26.85,-14.16,-1.84,16.6,-8.79,-17.35,-3.71,5
1289,0.99,0.79,-3.55,-27.03,-16.15,-2.76,47.85,14.15,-19.83,-13.29,5
1290,0.42,0.39,-1.17,0.34,1.56,0,44.43,8.84,0.34,19.74,5
1291,0.51,0.36,-3.82,2.63,2.05,1.32,11.63,25.99,10.79,17.08,5
1292,0.8,0.57,-0.77,0.33,1.01,1.32,13.14,13.05,1.37,2.62,5
1293,1.01,0.61,29.4,-31.34,-43.61,-38.23,18.59,10.68,-30.54,-21.9,5
1294,1.47,1.13,0.49,-14.98,-25.21,-7.97,37.03,0,-13.31,-11.39,5
1295,0.94,0.72,24.83,-7.47,-5.07,0.02,32.79,60.57,0.16,7.99,5
1296,0.59,0.49,0.56,-16.62,-18.21,-3.07,34.19,12.98,-12.53,-5.78,5
1297,0.48,0.38,3.63,0.76,1,1.11,38.6,28.04,7.36,12.98,5
1298,0.5,0.41,17.45,-13.53,-10.6,-2.74,86.94,7.31,-9.9,-1.2,5
1299,3.22,2.55,-63.55,-9.93,-12.66,-0.08,43.03,16.21,-0.63,3.41,5
1300,0.3,0.24,0.93,-10.01,-9.74,-1.35,58.59,11.98,-5.74,3.29,5
1301,1.16,0.88,-6.09,-1.27,-1.21,0.85,45.67,24.04,7.33,15.45,5
1302,1.35,0.85,-4.27,-2.83,-1.41,0.8,60.2,27.31,11.36,20.03,5
1303,0.29,0.27,4.01,0.14,0.22,1.03,20.35,14.74,4.45,8.31,5
1304,0.39,0.35,-79.55,2.95,8.73,19.55,33.72,26.06,3.11,6.41,5
1305,0.95,0.65,-33.17,-6.91,-15.72,-2.43,91.78,33.27,-4.89,-3.02,5
1306,1.04,0.65,-3.39,-12.58,-21.56,-1.97,42.51,40.18,-8.34,-6.3,5
1307,0.82,0.61,-20.68,-15.82,-18.56,-1.42,59.63,48.59,-9.26,-6.77,5
1308,6.3,5.61,0.84,-12.41,-6.74,0,10.75,35.01,0.01,12.12,5
1309,0.99,0.75,-41.11,-1.7,-1.7,0.8,30.6,26.35,6.71,17.2,5
1310,0.79,0.67,1.81,-14.74,-29.6,-13.22,49.61,13.1,-13.7,-7.03,5
1311,0.7,0.66,22.26,-30.12,-20.95,-9.63,2,35.82,-27.28,-18.05,5
1312,0.69,0.6,-10.63,-6.58,-8.98,-12.26,104.47,16.58,-6.08,-3.71,5
1313,1.14,0.78,22.63,-12.14,-20.98,-4.05,24.83,21.51,-9.74,-6.52,5
1314,0.42,0.29,-1.77,-14.87,-6.58,-8.87,10.88,-3.89,-13.36,-6.19,5
1315,0.38,0.36,-3.94,0.36,1.96,0,40.73,8.95,0.36,23.24,5
1316,0.74,0.74,-8.85,-27.4,-20.47,-4.26,36.26,8.53,-22.18,-12.18,5
1317,1.33,1.33,40.34,-7.88,-5.82,-0.75,15.51,34.77,-3.36,8.89,5
1318,2.78,2.1,3.92,-5.98,-3.18,0.56,23.08,16.56,7.52,20.61,5
1319,1.2,0.53,-17.98,-3.34,-11.11,-3.25,17.56,7.71,-2.56,-1.69,5
1320,0.64,0.51,3.75,0.65,0.69,1.1,40.62,30.87,7.39,13.66,5
1321,0.59,0.36,-40.56,4.54,5.82,2.88,40.79,48.54,6.95,9.6,5
1322,1.41,0.86,-2.77,-4.93,-2.8,0.65,49.23,28.18,9.21,12.8,5
1323,0.21,0.19,4.96,1.1,1.71,1.25,18.36,14.93,5.52,9.21,5
1324,0.36,0.32,-93.64,4.09,12.45,4.24,39.16,25.54,5.35,7.74,5
1325,1.77,1.41,8.16,-19.01,-10.94,-0.88,21.84,33.31,-8.86,3.71,5
1326,1.01,0.56,2.17,-5.43,-15.03,-2.39,12.37,8.02,-3.83,-2.76,5
1327,1.6,1.47,8.99,-3.55,-4.68,-1.92,6.7,22.84,-2.33,0.24,5
1328,1.12,0.5,7.54,-3.96,-11.19,-2.15,33.24,40.69,-2.7,-0.83,5
